image_id,date,tile_id,lst,lat,lon,NDVI_mean,scene_id,cloud_cover_land
tile_r0_c0_2022-03-31,2022-03-31,tile_r0_c0,41.32894863042022,12.884998666124494,80.11250000000763,0.4027567267316478,LC09_L2SP_142051_20220331_20230423_02_T1,0.06
tile_r0_c0_2022-10-25,2022-10-25,tile_r0_c0,36.58038021068298,12.884998666124494,80.11250000000763,0.5679464995457146,LC09_L2SP_142051_20221025_20230324_02_T1,0.23
tile_r0_c0_2022-05-26,2022-05-26,tile_r0_c0,40.721217607155886,12.884998666124494,80.11250000000763,0.4779399305745878,LC08_L2SP_142051_20220526_20220602_02_T1,0.69
tile_r0_c0_2022-09-23,2022-09-23,tile_r0_c0,43.97822859623148,12.884998666124494,80.11250000000763,0.539202091688348,LC09_L2SP_142051_20220923_20230328_02_T1,1.2
tile_r0_c0_2022-06-03,2022-06-03,tile_r0_c0,51.59607061196861,12.884998666124494,80.11250000000763,0.4286242863413974,LC09_L2SP_142051_20220603_20230414_02_T1,1.24
tile_r0_c0_2022-08-22,2022-08-22,tile_r0_c0,43.78273399772311,12.884998666124494,80.11250000000763,0.5474313281096884,LC09_L2SP_142051_20220822_20230401_02_T1,4.36
tile_r0_c0_2022-02-03,2022-02-03,tile_r0_c0,30.85442544183966,12.884998666124494,80.11250000000763,0.5168973287997591,LC08_L2SP_142051_20220203_20220212_02_T1,16.48
tile_r0_c0_2022-12-28,2022-12-28,tile_r0_c0,32.490013099372675,12.884998666124494,80.11250000000763,0.5759851097996883,LC09_L2SP_142051_20221228_20230316_02_T1,18.06
tile_r0_c0_2022-05-02,2022-05-02,tile_r0_c0,29.926972675122208,12.884998666124494,80.11250000000763,0.4652123939325545,LC09_L2SP_142051_20220502_20230418_02_T1,19.23
tile_r0_c0_2022-01-10,2022-01-10,tile_r0_c0,31.171571231770542,12.884998666124494,80.11250000000763,0.5513093341204663,LC09_L2SP_142051_20220110_20230502_02_T1,19.39
tile_r0_c1_2022-03-31,2022-03-31,tile_r0_c1,41.53284609494591,12.884998666122844,80.13749999999388,0.38593343543333,LC09_L2SP_142051_20220331_20230423_02_T1,0.06
tile_r0_c1_2022-10-25,2022-10-25,tile_r0_c1,36.72689326760877,12.884998666122844,80.13749999999388,0.56181425362457,LC09_L2SP_142051_20221025_20230324_02_T1,0.23
tile_r0_c1_2022-05-26,2022-05-26,tile_r0_c1,43.31997278636517,12.884998666122844,80.13749999999388,0.4201837036827193,LC08_L2SP_142051_20220526_20220602_02_T1,0.69
tile_r0_c1_2022-09-23,2022-09-23,tile_r0_c1,43.30359899370773,12.884998666122844,80.13749999999388,0.5340082817919277,LC09_L2SP_142051_20220923_20230328_02_T1,1.2
tile_r0_c1_2022-06-03,2022-06-03,tile_r0_c1,52.94990928920749,12.884998666122844,80.13749999999388,0.3822175916645991,LC09_L2SP_142051_20220603_20230414_02_T1,1.24
tile_r0_c1_2022-08-22,2022-08-22,tile_r0_c1,43.86075442204192,12.884998666122844,80.13749999999388,0.507336453389006,LC09_L2SP_142051_20220822_20230401_02_T1,4.36
tile_r0_c1_2022-02-03,2022-02-03,tile_r0_c1,30.567485958463656,12.884998666122844,80.13749999999388,0.5015924151593786,LC08_L2SP_142051_20220203_20220212_02_T1,16.48
tile_r0_c1_2022-12-28,2022-12-28,tile_r0_c1,32.275600408198,12.884998666122844,80.13749999999388,0.5514243286614272,LC09_L2SP_142051_20221228_20230316_02_T1,18.06
tile_r0_c1_2022-05-02,2022-05-02,tile_r0_c1,33.38625179267562,12.884998666122844,80.13749999999388,0.3777893844815834,LC09_L2SP_142051_20220502_20230418_02_T1,19.23
tile_r0_c1_2022-01-10,2022-01-10,tile_r0_c1,31.638792105933685,12.884998666122844,80.13749999999388,0.5509042879337928,LC09_L2SP_142051_20220110_20230502_02_T1,19.39
tile_r0_c2_2022-03-31,2022-03-31,tile_r0_c2,41.52355764032469,12.884998666121684,80.16249999999218,0.3786016287501773,LC09_L2SP_142051_20220331_20230423_02_T1,0.06
tile_r0_c2_2022-10-25,2022-10-25,tile_r0_c2,36.84157179313267,12.884998666121684,80.16249999999218,0.5308124444665124,LC09_L2SP_142051_20221025_20230324_02_T1,0.23
tile_r0_c2_2022-05-26,2022-05-26,tile_r0_c2,43.24041526468,12.884998666121684,80.16249999999218,0.4081394745103854,LC08_L2SP_142051_20220526_20220602_02_T1,0.69
tile_r0_c2_2022-09-23,2022-09-23,tile_r0_c2,42.77557024268691,12.884998666121684,80.16249999999218,0.5184078629008817,LC09_L2SP_142051_20220923_20230328_02_T1,1.2
tile_r0_c2_2022-06-03,2022-06-03,tile_r0_c2,52.95677455299091,12.884998666121684,80.16249999999218,0.3711104185655264,LC09_L2SP_142051_20220603_20230414_02_T1,1.24
tile_r0_c2_2022-08-22,2022-08-22,tile_r0_c2,43.54267058253283,12.884998666121684,80.16249999999218,0.4800723353094923,LC09_L2SP_142051_20220822_20230401_02_T1,4.36
tile_r0_c2_2022-02-03,2022-02-03,tile_r0_c2,30.076733478781478,12.884998666121684,80.16249999999218,0.5266858968915654,LC08_L2SP_142051_20220203_20220212_02_T1,16.48
tile_r0_c2_2022-12-28,2022-12-28,tile_r0_c2,32.0903463298278,12.884998666121684,80.16249999999218,0.4902985193883702,LC09_L2SP_142051_20221228_20230316_02_T1,18.06
tile_r0_c2_2022-05-02,2022-05-02,tile_r0_c2,33.899922505485186,12.884998666121684,80.16249999999218,0.3769505850367335,LC09_L2SP_142051_20220502_20230418_02_T1,19.23
tile_r0_c2_2022-01-10,2022-01-10,tile_r0_c2,31.098249661717777,12.884998666121684,80.16249999999218,0.5044168526247262,LC09_L2SP_142051_20220110_20230502_02_T1,19.39
tile_r0_c3_2022-03-31,2022-03-31,tile_r0_c3,41.39134737136784,12.88499866612279,80.18749999999957,0.3679817862293047,LC09_L2SP_142051_20220331_20230423_02_T1,0.06
tile_r0_c3_2022-10-25,2022-10-25,tile_r0_c3,37.099531870437424,12.88499866612279,80.18749999999957,0.5188518951153406,LC09_L2SP_142051_20221025_20230324_02_T1,0.23
tile_r0_c3_2022-05-26,2022-05-26,tile_r0_c3,43.362938672360194,12.88499866612279,80.18749999999957,0.3846289155580494,LC08_L2SP_142051_20220526_20220602_02_T1,0.69
tile_r0_c3_2022-09-23,2022-09-23,tile_r0_c3,42.89890020853808,12.88499866612279,80.18749999999957,0.4988961980120009,LC09_L2SP_142051_20220923_20230328_02_T1,1.2
tile_r0_c3_2022-06-03,2022-06-03,tile_r0_c3,52.97046424879218,12.88499866612279,80.18749999999957,0.3493855856764546,LC09_L2SP_142051_20220603_20230414_02_T1,1.24
tile_r0_c3_2022-08-22,2022-08-22,tile_r0_c3,43.455583521975896,12.88499866612279,80.18749999999957,0.4800774796819184,LC09_L2SP_142051_20220822_20230401_02_T1,4.36
tile_r0_c3_2022-02-03,2022-02-03,tile_r0_c3,30.56267313717046,12.88499866612279,80.18749999999957,0.4885717238841308,LC08_L2SP_142051_20220203_20220212_02_T1,16.48
tile_r0_c3_2022-12-28,2022-12-28,tile_r0_c3,32.64874432625541,12.88499866612279,80.18749999999957,0.44540166383899,LC09_L2SP_142051_20221228_20230316_02_T1,18.06
tile_r0_c3_2022-05-02,2022-05-02,tile_r0_c3,33.384578635509286,12.88499866612279,80.18749999999957,0.3463329276713086,LC09_L2SP_142051_20220502_20230418_02_T1,19.23
tile_r0_c3_2022-01-10,2022-01-10,tile_r0_c3,32.734409793075415,12.88499866612279,80.18749999999957,0.5159006755922939,LC09_L2SP_142051_20220110_20230502_02_T1,19.39
tile_r0_c4_2022-03-31,2022-03-31,tile_r0_c4,41.82260560281309,12.884998666122724,80.21249999998936,0.3747871641393326,LC09_L2SP_142051_20220331_20230423_02_T1,0.06
tile_r0_c4_2022-10-25,2022-10-25,tile_r0_c4,36.56490869442418,12.884998666122724,80.21249999998936,0.5227083757806922,LC09_L2SP_142051_20221025_20230324_02_T1,0.23
tile_r0_c4_2022-05-26,2022-05-26,tile_r0_c4,44.28915878469352,12.884998666122724,80.21249999998936,0.3688361697393512,LC08_L2SP_142051_20220526_20220602_02_T1,0.69
tile_r0_c4_2022-09-23,2022-09-23,tile_r0_c4,42.674122939059984,12.884998666122724,80.21249999998936,0.4976381473056277,LC09_L2SP_142051_20220923_20230328_02_T1,1.2
tile_r0_c4_2022-06-03,2022-06-03,tile_r0_c4,54.61090734050913,12.884998666122724,80.21249999998936,0.3389432930414909,LC09_L2SP_142051_20220603_20230414_02_T1,1.24
tile_r0_c4_2022-08-22,2022-08-22,tile_r0_c4,43.51246642738042,12.884998666122724,80.21249999998936,0.46590981736128,LC09_L2SP_142051_20220822_20230401_02_T1,4.36
tile_r0_c4_2022-02-03,2022-02-03,tile_r0_c4,30.9373097588476,12.884998666122724,80.21249999998936,0.4700728107608828,LC08_L2SP_142051_20220203_20220212_02_T1,16.48
tile_r0_c4_2022-12-28,2022-12-28,tile_r0_c4,33.08442795202436,12.884998666122724,80.21249999998936,0.5197684249590775,LC09_L2SP_142051_20221228_20230316_02_T1,18.06
tile_r0_c4_2022-05-02,2022-05-02,tile_r0_c4,34.511269921123585,12.884998666122724,80.21249999998936,0.3707598809656842,LC09_L2SP_142051_20220502_20230418_02_T1,19.23
tile_r0_c4_2022-01-10,2022-01-10,tile_r0_c4,33.5430448658457,12.884998666122724,80.21249999998936,0.517354815932799,LC09_L2SP_142051_20220110_20230502_02_T1,19.39
tile_r0_c5_2022-03-31,2022-03-31,tile_r0_c5,41.15058037350907,12.884998666122344,80.2375000000061,0.3735196103097348,LC09_L2SP_142051_20220331_20230423_02_T1,0.06
tile_r0_c5_2022-10-25,2022-10-25,tile_r0_c5,36.922121928351885,12.884998666122344,80.2375000000061,0.5294588987892992,LC09_L2SP_142051_20221025_20230324_02_T1,0.23
tile_r0_c5_2022-05-26,2022-05-26,tile_r0_c5,43.77857854453548,12.884998666122344,80.2375000000061,0.3831265804299362,LC08_L2SP_142051_20220526_20220602_02_T1,0.69
tile_r0_c5_2022-09-23,2022-09-23,tile_r0_c5,42.99677666608382,12.884998666122344,80.2375000000061,0.5021050165328377,LC09_L2SP_142051_20220923_20230328_02_T1,1.2
tile_r0_c5_2022-06-03,2022-06-03,tile_r0_c5,53.531470961967216,12.884998666122344,80.2375000000061,0.356211068156281,LC09_L2SP_142051_20220603_20230414_02_T1,1.24
tile_r0_c5_2022-08-22,2022-08-22,tile_r0_c5,42.89652143650365,12.884998666122344,80.2375000000061,0.4691318643453588,LC09_L2SP_142051_20220822_20230401_02_T1,4.36
tile_r0_c5_2022-02-03,2022-02-03,tile_r0_c5,32.241275376507744,12.884998666122344,80.2375000000061,0.4766907488198355,LC08_L2SP_142051_20220203_20220212_02_T1,16.48
tile_r0_c5_2022-12-28,2022-12-28,tile_r0_c5,34.00311381096228,12.884998666122344,80.2375000000061,0.5081022092793032,LC09_L2SP_142051_20221228_20230316_02_T1,18.06
tile_r0_c5_2022-05-02,2022-05-02,tile_r0_c5,34.031072163277926,12.884998666122344,80.2375000000061,0.3869199050341828,LC09_L2SP_142051_20220502_20230418_02_T1,19.23
tile_r0_c5_2022-01-10,2022-01-10,tile_r0_c5,34.603869124956496,12.884998666122344,80.2375000000061,0.524617121283906,LC09_L2SP_142051_20220110_20230502_02_T1,19.39
tile_r0_c6_2022-03-31,2022-03-31,tile_r0_c6,30.32602947104533,12.884998666122192,80.2625000000117,0.022409377833819,LC09_L2SP_142051_20220331_20230423_02_T1,0.06
tile_r0_c6_2022-10-25,2022-10-25,tile_r0_c6,30.916899371781398,12.884998666122192,80.2625000000117,-0.0010448202228361,LC09_L2SP_142051_20221025_20230324_02_T1,0.23
tile_r0_c6_2022-05-26,2022-05-26,tile_r0_c6,31.626859010919716,12.884998666122192,80.2625000000117,0.0189648267861566,LC08_L2SP_142051_20220526_20220602_02_T1,0.69
tile_r0_c6_2022-09-23,2022-09-23,tile_r0_c6,33.387292999174896,12.884998666122192,80.2625000000117,0.1523714113819927,LC09_L2SP_142051_20220923_20230328_02_T1,1.2
tile_r0_c6_2022-06-03,2022-06-03,tile_r0_c6,36.75150851872925,12.884998666122192,80.2625000000117,0.0687847131446095,LC09_L2SP_142051_20220603_20230414_02_T1,1.24
tile_r0_c6_2022-08-22,2022-08-22,tile_r0_c6,34.9635791464071,12.884998666122192,80.2625000000117,-0.2997303233114287,LC09_L2SP_142051_20220822_20230401_02_T1,4.36
tile_r0_c6_2022-02-03,2022-02-03,tile_r0_c6,27.72197711790051,12.884998666122192,80.2625000000117,-0.3077235810966417,LC08_L2SP_142051_20220203_20220212_02_T1,16.48
tile_r0_c6_2022-12-28,2022-12-28,tile_r0_c6,29.753139136336205,12.884998666122192,80.2625000000117,-0.8925751063405419,LC09_L2SP_142051_20221228_20230316_02_T1,18.06
tile_r0_c6_2022-01-10,2022-01-10,tile_r0_c6,29.83380204782956,12.884998666122192,80.2625000000117,0.2431324154205294,LC09_L2SP_142051_20220110_20230502_02_T1,19.39
tile_r0_c7_2022-03-31,2022-03-31,tile_r0_c7,28.369706412990748,12.884998666124744,80.28749999999607,0.003679882434343,LC09_L2SP_142051_20220331_20230423_02_T1,0.06
tile_r0_c7_2022-10-25,2022-10-25,tile_r0_c7,29.89909578499105,12.884998666124744,80.28749999999607,0.2918016626919066,LC09_L2SP_142051_20221025_20230324_02_T1,0.23
tile_r0_c7_2022-05-26,2022-05-26,tile_r0_c7,29.270234514421094,12.884998666124744,80.28749999999607,0.0629744972502916,LC08_L2SP_142051_20220526_20220602_02_T1,0.69
tile_r0_c7_2022-09-23,2022-09-23,tile_r0_c7,31.242765181625447,12.884998666124744,80.28749999999607,0.4377856541197726,LC09_L2SP_142051_20220923_20230328_02_T1,1.2
tile_r0_c7_2022-06-03,2022-06-03,tile_r0_c7,34.048256366659494,12.884998666124744,80.28749999999607,-0.0217833731865841,LC09_L2SP_142051_20220603_20230414_02_T1,1.24
tile_r0_c7_2022-08-22,2022-08-22,tile_r0_c7,33.10531471260198,12.884998666124744,80.28749999999607,-0.5575059002751556,LC09_L2SP_142051_20220822_20230401_02_T1,4.36
tile_r0_c7_2022-02-03,2022-02-03,tile_r0_c7,26.65042579364342,12.884998666124744,80.28749999999607,0.7505384760408506,LC08_L2SP_142051_20220203_20220212_02_T1,16.48
tile_r0_c7_2022-12-28,2022-12-28,tile_r0_c7,26.55039342791168,12.884998666124744,80.28749999999607,-0.0332222737416309,LC09_L2SP_142051_20221228_20230316_02_T1,18.06
tile_r0_c7_2022-01-10,2022-01-10,tile_r0_c7,28.26667142576239,12.884998666124744,80.28749999999607,0.4541377935051657,LC09_L2SP_142051_20220110_20230502_02_T1,19.39
tile_r0_c8_2022-03-31,2022-03-31,tile_r0_c8,28.313491153452677,12.88499866612507,80.31249999999537,0.0168069527215248,LC09_L2SP_142051_20220331_20230423_02_T1,0.06
tile_r0_c8_2022-10-25,2022-10-25,tile_r0_c8,30.139730461660484,12.88499866612507,80.31249999999537,0.7644501899069681,LC09_L2SP_142051_20221025_20230324_02_T1,0.23
tile_r0_c8_2022-05-26,2022-05-26,tile_r0_c8,29.050852481918856,12.88499866612507,80.31249999999537,0.1046208393465846,LC08_L2SP_142051_20220526_20220602_02_T1,0.69
tile_r0_c8_2022-09-23,2022-09-23,tile_r0_c8,31.1813784420119,12.88499866612507,80.31249999999537,0.2627522189844232,LC09_L2SP_142051_20220923_20230328_02_T1,1.2
tile_r0_c8_2022-06-03,2022-06-03,tile_r0_c8,34.24475785315571,12.88499866612507,80.31249999999537,-0.0365435930143228,LC09_L2SP_142051_20220603_20230414_02_T1,1.24
tile_r0_c8_2022-08-22,2022-08-22,tile_r0_c8,33.18655124233335,12.88499866612507,80.31249999999537,-0.6762929841129496,LC09_L2SP_142051_20220822_20230401_02_T1,4.36
tile_r0_c8_2022-02-03,2022-02-03,tile_r0_c8,26.45755535207475,12.88499866612507,80.31249999999537,0.6705167209279291,LC08_L2SP_142051_20220203_20220212_02_T1,16.48
tile_r0_c8_2022-12-28,2022-12-28,tile_r0_c8,26.395985865372445,12.88499866612507,80.31249999999537,-0.0802351686702658,LC09_L2SP_142051_20221228_20230316_02_T1,18.06
tile_r0_c8_2022-01-10,2022-01-10,tile_r0_c8,27.932901094030235,12.88499866612507,80.31249999999537,0.1502540037268496,LC09_L2SP_142051_20220110_20230502_02_T1,19.39
tile_r0_c9_2022-03-31,2022-03-31,tile_r0_c9,28.254292509356222,12.884998666122124,80.33749999999883,0.0017003862500962,LC09_L2SP_142051_20220331_20230423_02_T1,0.06
tile_r0_c9_2022-10-25,2022-10-25,tile_r0_c9,30.142837344103206,12.884998666122124,80.33749999999883,0.7899706732088219,LC09_L2SP_142051_20221025_20230324_02_T1,0.23
tile_r0_c9_2022-05-26,2022-05-26,tile_r0_c9,28.912601832357165,12.884998666122124,80.33749999999883,0.1404446436044245,LC08_L2SP_142051_20220526_20220602_02_T1,0.69
tile_r0_c9_2022-09-23,2022-09-23,tile_r0_c9,31.41780078087164,12.884998666122124,80.33749999999883,0.2339134849369794,LC09_L2SP_142051_20220923_20230328_02_T1,1.2
tile_r0_c9_2022-06-03,2022-06-03,tile_r0_c9,34.29012752801446,12.884998666122124,80.33749999999883,-0.0116098848311563,LC09_L2SP_142051_20220603_20230414_02_T1,1.24
tile_r0_c9_2022-08-22,2022-08-22,tile_r0_c9,33.51696197634639,12.884998666122124,80.33749999999883,-0.0575338237865056,LC09_L2SP_142051_20220822_20230401_02_T1,4.36
tile_r0_c9_2022-02-03,2022-02-03,tile_r0_c9,26.544075888045786,12.884998666122124,80.33749999999883,0.8310828177268186,LC08_L2SP_142051_20220203_20220212_02_T1,16.48
tile_r0_c9_2022-12-28,2022-12-28,tile_r0_c9,27.606305567585228,12.884998666122124,80.33749999999883,0.5142577710416307,LC09_L2SP_142051_20221228_20230316_02_T1,18.06
tile_r0_c9_2022-01-10,2022-01-10,tile_r0_c9,27.82742005263726,12.884998666122124,80.33749999999883,0.1592057823042205,LC09_L2SP_142051_20220110_20230502_02_T1,19.39
tile_r1_c0_2022-03-31,2022-03-31,tile_r1_c0,41.55601142021828,12.954998658459024,80.1125000000113,0.3937497547939372,LC09_L2SP_142051_20220331_20230423_02_T1,0.06
tile_r1_c0_2022-10-25,2022-10-25,tile_r1_c0,36.56232806823918,12.954998658459024,80.1125000000113,0.5614616944098925,LC09_L2SP_142051_20221025_20230324_02_T1,0.23
tile_r1_c0_2022-05-26,2022-05-26,tile_r1_c0,40.963209183188674,12.954998658459024,80.1125000000113,0.4748270619898642,LC08_L2SP_142051_20220526_20220602_02_T1,0.69
tile_r1_c0_2022-09-23,2022-09-23,tile_r1_c0,43.10398006624431,12.954998658459024,80.1125000000113,0.5478085903517429,LC09_L2SP_142051_20220923_20230328_02_T1,1.2
tile_r1_c0_2022-06-03,2022-06-03,tile_r1_c0,51.16051843105809,12.954998658459024,80.1125000000113,0.4266639174896079,LC09_L2SP_142051_20220603_20230414_02_T1,1.24
tile_r1_c0_2022-08-22,2022-08-22,tile_r1_c0,43.542849929143856,12.954998658459024,80.1125000000113,0.5470084447605087,LC09_L2SP_142051_20220822_20230401_02_T1,4.36
tile_r1_c0_2022-02-03,2022-02-03,tile_r1_c0,30.95195688484921,12.954998658459024,80.1125000000113,0.5178723960599185,LC08_L2SP_142051_20220203_20220212_02_T1,16.48
tile_r1_c0_2022-12-28,2022-12-28,tile_r1_c0,33.027077754933615,12.954998658459024,80.1125000000113,0.5346588308699908,LC09_L2SP_142051_20221228_20230316_02_T1,18.06
tile_r1_c0_2022-05-02,2022-05-02,tile_r1_c0,33.16799810637981,12.954998658459024,80.1125000000113,0.2898294417427317,LC09_L2SP_142051_20220502_20230418_02_T1,19.23
tile_r1_c0_2022-01-10,2022-01-10,tile_r1_c0,30.562933942837045,12.954998658459024,80.1125000000113,0.544246922353675,LC09_L2SP_142051_20220110_20230502_02_T1,19.39
tile_r1_c1_2022-03-31,2022-03-31,tile_r1_c1,42.84077687870489,12.954998658460982,80.13749999999109,0.3022575586612531,LC09_L2SP_142051_20220331_20230423_02_T1,0.06
tile_r1_c1_2022-10-25,2022-10-25,tile_r1_c1,38.74143838833411,12.954998658460982,80.13749999999109,0.3962382558715993,LC09_L2SP_142051_20221025_20230324_02_T1,0.23
tile_r1_c1_2022-05-26,2022-05-26,tile_r1_c1,44.56446138567312,12.954998658460982,80.13749999999109,0.336126769777292,LC08_L2SP_142051_20220526_20220602_02_T1,0.69
tile_r1_c1_2022-09-23,2022-09-23,tile_r1_c1,46.14972855577429,12.954998658460982,80.13749999999109,0.3778140191155039,LC09_L2SP_142051_20220923_20230328_02_T1,1.2
tile_r1_c1_2022-06-03,2022-06-03,tile_r1_c1,52.14038863863666,12.954998658460982,80.13749999999109,0.3159151762495653,LC09_L2SP_142051_20220603_20230414_02_T1,1.24
tile_r1_c1_2022-08-22,2022-08-22,tile_r1_c1,45.209259156832495,12.954998658460982,80.13749999999109,0.382611782771151,LC09_L2SP_142051_20220822_20230401_02_T1,4.36
tile_r1_c1_2022-02-03,2022-02-03,tile_r1_c1,32.74324675533434,12.954998658460982,80.13749999999109,0.3715964219971623,LC08_L2SP_142051_20220203_20220212_02_T1,16.48
tile_r1_c1_2022-12-28,2022-12-28,tile_r1_c1,33.462334291491835,12.954998658460982,80.13749999999109,0.4035183705266169,LC09_L2SP_142051_20221228_20230316_02_T1,18.06
tile_r1_c1_2022-05-02,2022-05-02,tile_r1_c1,34.11478885436426,12.954998658460982,80.13749999999109,0.3066850556540267,LC09_L2SP_142051_20220502_20230418_02_T1,19.23
tile_r1_c1_2022-01-10,2022-01-10,tile_r1_c1,32.260618371598234,12.954998658460982,80.13749999999109,0.4097363043675708,LC09_L2SP_142051_20220110_20230502_02_T1,19.39
tile_r1_c2_2022-03-31,2022-03-31,tile_r1_c2,41.994256010281646,12.954998658460616,80.16249999999047,0.349030704345748,LC09_L2SP_142051_20220331_20230423_02_T1,0.06
tile_r1_c2_2022-10-25,2022-10-25,tile_r1_c2,37.119243454823305,12.954998658460616,80.16249999999047,0.495677334696834,LC09_L2SP_142051_20221025_20230324_02_T1,0.23
tile_r1_c2_2022-05-26,2022-05-26,tile_r1_c2,44.20396527778635,12.954998658460616,80.16249999999047,0.3851092514783771,LC08_L2SP_142051_20220526_20220602_02_T1,0.69
tile_r1_c2_2022-09-23,2022-09-23,tile_r1_c2,43.92319153482909,12.954998658460616,80.16249999999047,0.4797769465246263,LC09_L2SP_142051_20220923_20230328_02_T1,1.2
tile_r1_c2_2022-06-03,2022-06-03,tile_r1_c2,51.0605223314456,12.954998658460616,80.16249999999047,0.3587893203838218,LC09_L2SP_142051_20220603_20230414_02_T1,1.24
tile_r1_c2_2022-08-22,2022-08-22,tile_r1_c2,43.94228519083983,12.954998658460616,80.16249999999047,0.4684432932739056,LC09_L2SP_142051_20220822_20230401_02_T1,4.36
tile_r1_c2_2022-02-03,2022-02-03,tile_r1_c2,31.39989110340257,12.954998658460616,80.16249999999047,0.4312023850499876,LC08_L2SP_142051_20220203_20220212_02_T1,16.48
tile_r1_c2_2022-12-28,2022-12-28,tile_r1_c2,32.23332477935339,12.954998658460616,80.16249999999047,0.5052464450752264,LC09_L2SP_142051_20221228_20230316_02_T1,18.06
tile_r1_c2_2022-05-02,2022-05-02,tile_r1_c2,36.74049611183324,12.954998658460616,80.16249999999047,0.3359832744944632,LC09_L2SP_142051_20220502_20230418_02_T1,19.23
tile_r1_c2_2022-01-10,2022-01-10,tile_r1_c2,31.33176093295484,12.954998658460616,80.16249999999047,0.5082726000693792,LC09_L2SP_142051_20220110_20230502_02_T1,19.39
tile_r1_c3_2022-03-31,2022-03-31,tile_r1_c3,42.41554300580354,12.954998658460813,80.18750000000513,0.3000484578373203,LC09_L2SP_142051_20220331_20230423_02_T1,0.06
tile_r1_c3_2022-10-25,2022-10-25,tile_r1_c3,37.85920669914101,12.954998658460813,80.18750000000513,0.400664087425928,LC09_L2SP_142051_20221025_20230324_02_T1,0.23
tile_r1_c3_2022-05-26,2022-05-26,tile_r1_c3,44.52405716120399,12.954998658460813,80.18750000000513,0.319927966156447,LC08_L2SP_142051_20220526_20220602_02_T1,0.69
tile_r1_c3_2022-09-23,2022-09-23,tile_r1_c3,45.1766474351667,12.954998658460813,80.18750000000513,0.3837904542646518,LC09_L2SP_142051_20220923_20230328_02_T1,1.2
tile_r1_c3_2022-06-03,2022-06-03,tile_r1_c3,52.35674888351007,12.954998658460813,80.18750000000513,0.3012576288429945,LC09_L2SP_142051_20220603_20230414_02_T1,1.24
tile_r1_c3_2022-08-22,2022-08-22,tile_r1_c3,44.34998394091907,12.954998658460813,80.18750000000513,0.3811642336712819,LC09_L2SP_142051_20220822_20230401_02_T1,4.36
tile_r1_c3_2022-02-03,2022-02-03,tile_r1_c3,31.389281777561678,12.954998658460813,80.18750000000513,0.3667690806529063,LC08_L2SP_142051_20220203_20220212_02_T1,16.48
tile_r1_c3_2022-12-28,2022-12-28,tile_r1_c3,33.269360394634795,12.954998658460813,80.18750000000513,0.3840360591839707,LC09_L2SP_142051_20221228_20230316_02_T1,18.06
tile_r1_c3_2022-05-02,2022-05-02,tile_r1_c3,33.7722397327936,12.954998658460813,80.18750000000513,0.3271261285514763,LC09_L2SP_142051_20220502_20230418_02_T1,19.23
tile_r1_c3_2022-01-10,2022-01-10,tile_r1_c3,32.247314727016416,12.954998658460813,80.18750000000513,0.3781971221026861,LC09_L2SP_142051_20220110_20230502_02_T1,19.39
tile_r1_c4_2022-03-31,2022-03-31,tile_r1_c4,42.23786278607788,12.954998658458743,80.21249999999227,0.3315634944435577,LC09_L2SP_142051_20220331_20230423_02_T1,0.06
tile_r1_c4_2022-10-25,2022-10-25,tile_r1_c4,37.48104876471624,12.954998658458743,80.21249999999227,0.4174020523008828,LC09_L2SP_142051_20221025_20230324_02_T1,0.23
tile_r1_c4_2022-05-26,2022-05-26,tile_r1_c4,44.19991010247959,12.954998658458743,80.21249999999227,0.3404997913278527,LC08_L2SP_142051_20220526_20220602_02_T1,0.69
tile_r1_c4_2022-09-23,2022-09-23,tile_r1_c4,44.31411773170654,12.954998658458743,80.21249999999227,0.399626453702988,LC09_L2SP_142051_20220923_20230328_02_T1,1.2
tile_r1_c4_2022-06-03,2022-06-03,tile_r1_c4,53.16818930984041,12.954998658458743,80.21249999999227,0.3207213820083823,LC09_L2SP_142051_20220603_20230414_02_T1,1.24
tile_r1_c4_2022-08-22,2022-08-22,tile_r1_c4,43.2089777288509,12.954998658458743,80.21249999999227,0.399977389327397,LC09_L2SP_142051_20220822_20230401_02_T1,4.36
tile_r1_c4_2022-02-03,2022-02-03,tile_r1_c4,31.520586286037183,12.954998658458743,80.21249999999227,0.3767480710840467,LC08_L2SP_142051_20220203_20220212_02_T1,16.48
tile_r1_c4_2022-12-28,2022-12-28,tile_r1_c4,33.61908529947501,12.954998658458743,80.21249999999227,0.4025788987068445,LC09_L2SP_142051_20221228_20230316_02_T1,18.06
tile_r1_c4_2022-05-02,2022-05-02,tile_r1_c4,34.2664340172206,12.954998658458743,80.21249999999227,0.3734871891669162,LC09_L2SP_142051_20220502_20230418_02_T1,19.23
tile_r1_c4_2022-01-10,2022-01-10,tile_r1_c4,33.643363440085615,12.954998658458743,80.21249999999227,0.3409388490603644,LC09_L2SP_142051_20220110_20230502_02_T1,19.39
tile_r1_c5_2022-03-31,2022-03-31,tile_r1_c5,41.89725699324944,12.954998658461388,80.23750000000987,0.3200765988109971,LC09_L2SP_142051_20220331_20230423_02_T1,0.06
tile_r1_c5_2022-10-25,2022-10-25,tile_r1_c5,38.05047674700031,12.954998658461388,80.23750000000987,0.4045221157655729,LC09_L2SP_142051_20221025_20230324_02_T1,0.23
tile_r1_c5_2022-05-26,2022-05-26,tile_r1_c5,44.19960229144076,12.954998658461388,80.23750000000987,0.336003743053242,LC08_L2SP_142051_20220526_20220602_02_T1,0.69
tile_r1_c5_2022-09-23,2022-09-23,tile_r1_c5,45.37153346956909,12.954998658461388,80.23750000000987,0.3858054539410027,LC09_L2SP_142051_20220923_20230328_02_T1,1.2
tile_r1_c5_2022-06-03,2022-06-03,tile_r1_c5,53.18857834336311,12.954998658461388,80.23750000000987,0.3161437752628748,LC09_L2SP_142051_20220603_20230414_02_T1,1.24
tile_r1_c5_2022-08-22,2022-08-22,tile_r1_c5,43.3274004673334,12.954998658461388,80.23750000000987,0.3963249761340123,LC09_L2SP_142051_20220822_20230401_02_T1,4.36
tile_r1_c5_2022-02-03,2022-02-03,tile_r1_c5,33.08973002293896,12.954998658461388,80.23750000000987,0.3741539503520781,LC08_L2SP_142051_20220203_20220212_02_T1,16.48
tile_r1_c5_2022-12-28,2022-12-28,tile_r1_c5,34.06798380735963,12.954998658461388,80.23750000000987,0.3990087934066716,LC09_L2SP_142051_20221228_20230316_02_T1,18.06
tile_r1_c5_2022-05-02,2022-05-02,tile_r1_c5,34.61907961036205,12.954998658461388,80.23750000000987,0.3220621174156328,LC09_L2SP_142051_20220502_20230418_02_T1,19.23
tile_r1_c5_2022-01-10,2022-01-10,tile_r1_c5,34.819829614143366,12.954998658461388,80.23750000000987,0.4198179257427577,LC09_L2SP_142051_20220110_20230502_02_T1,19.39
tile_r1_c6_2022-03-31,2022-03-31,tile_r1_c6,35.754089497854714,12.954998658462843,80.26250000001178,0.1308112462238804,LC09_L2SP_142051_20220331_20230423_02_T1,0.06
tile_r1_c6_2022-10-25,2022-10-25,tile_r1_c6,34.90689919301032,12.954998658462843,80.26250000001178,0.0683542015922203,LC09_L2SP_142051_20221025_20230324_02_T1,0.23
tile_r1_c6_2022-05-26,2022-05-26,tile_r1_c6,38.23881296442663,12.954998658462843,80.26250000001178,0.1265466032948289,LC08_L2SP_142051_20220526_20220602_02_T1,0.69
tile_r1_c6_2022-09-23,2022-09-23,tile_r1_c6,40.076539927877086,12.954998658462843,80.26250000001178,0.2345821989277444,LC09_L2SP_142051_20220923_20230328_02_T1,1.2
tile_r1_c6_2022-06-03,2022-06-03,tile_r1_c6,45.1350081039767,12.954998658462843,80.26250000001178,0.147312098587608,LC09_L2SP_142051_20220603_20230414_02_T1,1.24
tile_r1_c6_2022-08-22,2022-08-22,tile_r1_c6,39.88880160542282,12.954998658462843,80.26250000001178,0.1643098153531499,LC09_L2SP_142051_20220822_20230401_02_T1,4.36
tile_r1_c6_2022-02-03,2022-02-03,tile_r1_c6,30.824200806675503,12.954998658462843,80.26250000001178,0.0976579284563954,LC08_L2SP_142051_20220203_20220212_02_T1,16.48
tile_r1_c6_2022-12-28,2022-12-28,tile_r1_c6,32.013873914159376,12.954998658462843,80.26250000001178,-0.1503613842361209,LC09_L2SP_142051_20221228_20230316_02_T1,18.06
tile_r1_c6_2022-05-02,2022-05-02,tile_r1_c6,33.930619581126855,12.954998658462843,80.26250000001178,0.27672995212815,LC09_L2SP_142051_20220502_20230418_02_T1,19.23
tile_r1_c6_2022-01-10,2022-01-10,tile_r1_c6,32.76225059421061,12.954998658462843,80.26250000001178,0.1069775818367731,LC09_L2SP_142051_20220110_20230502_02_T1,19.39
tile_r1_c7_2022-03-31,2022-03-31,tile_r1_c7,28.61552001801474,12.95499865846156,80.28750000000035,0.0185755308193867,LC09_L2SP_142051_20220331_20230423_02_T1,0.06
tile_r1_c7_2022-10-25,2022-10-25,tile_r1_c7,29.785452135440696,12.95499865846156,80.28750000000035,-0.0628150961182303,LC09_L2SP_142051_20221025_20230324_02_T1,0.23
tile_r1_c7_2022-05-26,2022-05-26,tile_r1_c7,29.710081097997424,12.95499865846156,80.28750000000035,0.0710744037889119,LC08_L2SP_142051_20220526_20220602_02_T1,0.69
tile_r1_c7_2022-09-23,2022-09-23,tile_r1_c7,31.34971487389573,12.95499865846156,80.28750000000035,0.2150026752387367,LC09_L2SP_142051_20220923_20230328_02_T1,1.2
tile_r1_c7_2022-06-03,2022-06-03,tile_r1_c7,34.34713935475774,12.95499865846156,80.28750000000035,-0.0276629265188501,LC09_L2SP_142051_20220603_20230414_02_T1,1.24
tile_r1_c7_2022-08-22,2022-08-22,tile_r1_c7,33.685047219218106,12.95499865846156,80.28750000000035,-0.0945943321333124,LC09_L2SP_142051_20220822_20230401_02_T1,4.36
tile_r1_c7_2022-02-03,2022-02-03,tile_r1_c7,26.719664627787623,12.95499865846156,80.28750000000035,0.1933626399623429,LC08_L2SP_142051_20220203_20220212_02_T1,16.48
tile_r1_c7_2022-12-28,2022-12-28,tile_r1_c7,28.050496096542187,12.95499865846156,80.28750000000035,-0.1500937577134637,LC09_L2SP_142051_20221228_20230316_02_T1,18.06
tile_r1_c7_2022-01-10,2022-01-10,tile_r1_c7,28.205778717222785,12.95499865846156,80.28750000000035,0.0221428761934695,LC09_L2SP_142051_20220110_20230502_02_T1,19.39
tile_r1_c8_2022-03-31,2022-03-31,tile_r1_c8,28.47075434629001,12.95499865846051,80.31249999998894,0.0273876761386229,LC09_L2SP_142051_20220331_20230423_02_T1,0.06
tile_r1_c8_2022-10-25,2022-10-25,tile_r1_c8,29.823690171332565,12.95499865846051,80.31249999998894,0.1943584182266795,LC09_L2SP_142051_20221025_20230324_02_T1,0.23
tile_r1_c8_2022-05-26,2022-05-26,tile_r1_c8,29.199464451350824,12.95499865846051,80.31249999998894,0.158062273985735,LC08_L2SP_142051_20220526_20220602_02_T1,0.69
tile_r1_c8_2022-09-23,2022-09-23,tile_r1_c8,30.89474053434024,12.95499865846051,80.31249999998894,0.1458430109036737,LC09_L2SP_142051_20220923_20230328_02_T1,1.2
tile_r1_c8_2022-06-03,2022-06-03,tile_r1_c8,34.34587149092042,12.95499865846051,80.31249999998894,-0.0239349685426677,LC09_L2SP_142051_20220603_20230414_02_T1,1.24
tile_r1_c8_2022-08-22,2022-08-22,tile_r1_c8,33.80275144839578,12.95499865846051,80.31249999998894,-0.3825075919092707,LC09_L2SP_142051_20220822_20230401_02_T1,4.36
tile_r1_c8_2022-02-03,2022-02-03,tile_r1_c8,26.510553159240917,12.95499865846051,80.31249999998894,0.0891599839765525,LC08_L2SP_142051_20220203_20220212_02_T1,16.48
tile_r1_c8_2022-12-28,2022-12-28,tile_r1_c8,28.392088886148763,12.95499865846051,80.31249999998894,-0.2342857751792023,LC09_L2SP_142051_20221228_20230316_02_T1,18.06
tile_r1_c8_2022-01-10,2022-01-10,tile_r1_c8,27.93354718340448,12.95499865846051,80.31249999998894,0.4724830029204952,LC09_L2SP_142051_20220110_20230502_02_T1,19.39
tile_r1_c9_2022-03-31,2022-03-31,tile_r1_c9,28.509329656156293,12.954998658460076,80.33749999999526,-0.0240367234961577,LC09_L2SP_142051_20220331_20230423_02_T1,0.06
tile_r1_c9_2022-10-25,2022-10-25,tile_r1_c9,29.86454101180506,12.954998658460076,80.33749999999526,0.2688632741639402,LC09_L2SP_142051_20221025_20230324_02_T1,0.23
tile_r1_c9_2022-05-26,2022-05-26,tile_r1_c9,28.828399453746567,12.954998658460076,80.33749999999526,0.2356654471974296,LC08_L2SP_142051_20220526_20220602_02_T1,0.69
tile_r1_c9_2022-09-23,2022-09-23,tile_r1_c9,31.3101268095212,12.954998658460076,80.33749999999526,0.2467917926447827,LC09_L2SP_142051_20220923_20230328_02_T1,1.2
tile_r1_c9_2022-06-03,2022-06-03,tile_r1_c9,34.43387821880749,12.954998658460076,80.33749999999526,-0.0036558914136339,LC09_L2SP_142051_20220603_20230414_02_T1,1.24
tile_r1_c9_2022-08-22,2022-08-22,tile_r1_c9,33.73560916674256,12.954998658460076,80.33749999999526,-0.2193693587844755,LC09_L2SP_142051_20220822_20230401_02_T1,4.36
tile_r1_c9_2022-02-03,2022-02-03,tile_r1_c9,26.29038242916056,12.954998658460076,80.33749999999526,0.1851963946398707,LC08_L2SP_142051_20220203_20220212_02_T1,16.48
tile_r1_c9_2022-12-28,2022-12-28,tile_r1_c9,28.16799229025456,12.954998658460076,80.33749999999526,0.015649233236368,LC09_L2SP_142051_20221228_20230316_02_T1,18.06
tile_r1_c9_2022-01-10,2022-01-10,tile_r1_c9,27.919623801702052,12.954998658460076,80.33749999999526,0.7190206857451878,LC09_L2SP_142051_20220110_20230502_02_T1,19.39
tile_r2_c0_2022-03-31,2022-03-31,tile_r2_c0,41.79304752352799,13.02499865078544,80.11250000001088,0.3656398876523041,LC09_L2SP_142051_20220331_20230423_02_T1,0.06
tile_r2_c0_2022-10-25,2022-10-25,tile_r2_c0,37.548742542574665,13.02499865078544,80.11250000001088,0.4867188080316073,LC09_L2SP_142051_20221025_20230324_02_T1,0.23
tile_r2_c0_2022-05-26,2022-05-26,tile_r2_c0,41.16640294914124,13.02499865078544,80.11250000001088,0.4263166840205454,LC08_L2SP_142051_20220526_20220602_02_T1,0.69
tile_r2_c0_2022-09-23,2022-09-23,tile_r2_c0,44.77347512028456,13.02499865078544,80.11250000001088,0.4481112349268523,LC09_L2SP_142051_20220923_20230328_02_T1,1.2
tile_r2_c0_2022-06-03,2022-06-03,tile_r2_c0,52.10239908614436,13.02499865078544,80.11250000001088,0.391010649838542,LC09_L2SP_142051_20220603_20230414_02_T1,1.24
tile_r2_c0_2022-08-22,2022-08-22,tile_r2_c0,43.550636464165024,13.02499865078544,80.11250000001088,0.4806726281239609,LC09_L2SP_142051_20220822_20230401_02_T1,4.36
tile_r2_c0_2022-02-03,2022-02-03,tile_r2_c0,31.174929553001164,13.02499865078544,80.11250000001088,0.4572512372977542,LC08_L2SP_142051_20220203_20220212_02_T1,16.48
tile_r2_c0_2022-12-28,2022-12-28,tile_r2_c0,34.0076985875243,13.02499865078544,80.11250000001088,0.4425186155741932,LC09_L2SP_142051_20221228_20230316_02_T1,18.06
tile_r2_c0_2022-05-02,2022-05-02,tile_r2_c0,33.3799783897689,13.02499865078544,80.11250000001088,0.3519781192221984,LC09_L2SP_142051_20220502_20230418_02_T1,19.23
tile_r2_c0_2022-01-10,2022-01-10,tile_r2_c0,31.11730969865533,13.02499865078544,80.11250000001088,0.4530393522488715,LC09_L2SP_142051_20220110_20230502_02_T1,19.39
tile_r2_c1_2022-03-31,2022-03-31,tile_r2_c1,41.88945114302193,13.024998650783717,80.1374999999922,0.3527931351918659,LC09_L2SP_142051_20220331_20230423_02_T1,0.06
tile_r2_c1_2022-10-25,2022-10-25,tile_r2_c1,37.384026288863,13.024998650783717,80.1374999999922,0.4672451750567796,LC09_L2SP_142051_20221025_20230324_02_T1,0.23
tile_r2_c1_2022-05-26,2022-05-26,tile_r2_c1,44.8996209973305,13.024998650783717,80.1374999999922,0.3905880686376236,LC08_L2SP_142051_20220526_20220602_02_T1,0.69
tile_r2_c1_2022-09-23,2022-09-23,tile_r2_c1,44.77296083091746,13.024998650783717,80.1374999999922,0.4284075533373813,LC09_L2SP_142051_20220923_20230328_02_T1,1.2
tile_r2_c1_2022-06-03,2022-06-03,tile_r2_c1,52.51628397096385,13.024998650783717,80.1374999999922,0.3540886860530442,LC09_L2SP_142051_20220603_20230414_02_T1,1.24
tile_r2_c1_2022-08-22,2022-08-22,tile_r2_c1,43.67736037699872,13.024998650783717,80.1374999999922,0.4644272540819856,LC09_L2SP_142051_20220822_20230401_02_T1,4.36
tile_r2_c1_2022-02-03,2022-02-03,tile_r2_c1,31.727412257364605,13.024998650783717,80.1374999999922,0.4280998918465484,LC08_L2SP_142051_20220203_20220212_02_T1,16.48
tile_r2_c1_2022-12-28,2022-12-28,tile_r2_c1,33.911098286306206,13.024998650783717,80.1374999999922,0.4288171129010306,LC09_L2SP_142051_20221228_20230316_02_T1,18.06
tile_r2_c1_2022-05-02,2022-05-02,tile_r2_c1,33.74940452755892,13.024998650783717,80.1374999999922,0.3365439096743253,LC09_L2SP_142051_20220502_20230418_02_T1,19.23
tile_r2_c1_2022-01-10,2022-01-10,tile_r2_c1,31.13173814641995,13.024998650783717,80.1374999999922,0.4419829596127265,LC09_L2SP_142051_20220110_20230502_02_T1,19.39
tile_r2_c2_2022-03-31,2022-03-31,tile_r2_c2,43.020568358613765,13.02499865078365,80.1624999999881,0.3159800470390783,LC09_L2SP_142051_20220331_20230423_02_T1,0.06
tile_r2_c2_2022-10-25,2022-10-25,tile_r2_c2,38.444061665933376,13.02499865078365,80.1624999999881,0.435011125130783,LC09_L2SP_142051_20221025_20230324_02_T1,0.23
tile_r2_c2_2022-05-26,2022-05-26,tile_r2_c2,46.25255914671081,13.02499865078365,80.1624999999881,0.3352362579057302,LC08_L2SP_142051_20220526_20220602_02_T1,0.69
tile_r2_c2_2022-09-23,2022-09-23,tile_r2_c2,45.827472694847415,13.02499865078365,80.1624999999881,0.3922977693742112,LC09_L2SP_142051_20220923_20230328_02_T1,1.2
tile_r2_c2_2022-06-03,2022-06-03,tile_r2_c2,53.63137432475832,13.02499865078365,80.1624999999881,0.3078480341385239,LC09_L2SP_142051_20220603_20230414_02_T1,1.24
tile_r2_c2_2022-08-22,2022-08-22,tile_r2_c2,44.71058314234194,13.02499865078365,80.1624999999881,0.4201686070163865,LC09_L2SP_142051_20220822_20230401_02_T1,4.36
tile_r2_c2_2022-02-03,2022-02-03,tile_r2_c2,32.32399074509496,13.02499865078365,80.1624999999881,0.3938120011186243,LC08_L2SP_142051_20220203_20220212_02_T1,16.48
tile_r2_c2_2022-12-28,2022-12-28,tile_r2_c2,34.256886210955386,13.02499865078365,80.1624999999881,0.422898203119968,LC09_L2SP_142051_20221228_20230316_02_T1,18.06
tile_r2_c2_2022-05-02,2022-05-02,tile_r2_c2,36.91075048811223,13.02499865078365,80.1624999999881,0.3296603962230676,LC09_L2SP_142051_20220502_20230418_02_T1,19.23
tile_r2_c2_2022-01-10,2022-01-10,tile_r2_c2,31.666502332168097,13.02499865078365,80.1624999999881,0.3799664905205943,LC09_L2SP_142051_20220110_20230502_02_T1,19.39
tile_r2_c3_2022-03-31,2022-03-31,tile_r2_c3,42.93788841968593,13.024998650783528,80.1875000000077,0.3258966888246273,LC09_L2SP_142051_20220331_20230423_02_T1,0.06
tile_r2_c3_2022-10-25,2022-10-25,tile_r2_c3,38.3621578008786,13.024998650783528,80.1875000000077,0.4518058624527027,LC09_L2SP_142051_20221025_20230324_02_T1,0.23
tile_r2_c3_2022-05-26,2022-05-26,tile_r2_c3,45.59620726840599,13.024998650783528,80.1875000000077,0.3508018318816432,LC08_L2SP_142051_20220526_20220602_02_T1,0.69
tile_r2_c3_2022-09-23,2022-09-23,tile_r2_c3,45.38826598872812,13.024998650783528,80.1875000000077,0.4171346630951223,LC09_L2SP_142051_20220923_20230328_02_T1,1.2
tile_r2_c3_2022-06-03,2022-06-03,tile_r2_c3,52.590992867121855,13.024998650783528,80.1875000000077,0.3222642450489453,LC09_L2SP_142051_20220603_20230414_02_T1,1.24
tile_r2_c3_2022-08-22,2022-08-22,tile_r2_c3,44.55956545819169,13.024998650783528,80.1875000000077,0.4376662061664594,LC09_L2SP_142051_20220822_20230401_02_T1,4.36
tile_r2_c3_2022-02-03,2022-02-03,tile_r2_c3,31.85861781306487,13.024998650783528,80.1875000000077,0.4049003705936979,LC08_L2SP_142051_20220203_20220212_02_T1,16.48
tile_r2_c3_2022-12-28,2022-12-28,tile_r2_c3,33.42781982569934,13.024998650783528,80.1875000000077,0.4475983040388287,LC09_L2SP_142051_20221228_20230316_02_T1,18.06
tile_r2_c3_2022-05-02,2022-05-02,tile_r2_c3,34.59725751349351,13.024998650783528,80.1875000000077,0.2929085248925218,LC09_L2SP_142051_20220502_20230418_02_T1,19.23
tile_r2_c3_2022-01-10,2022-01-10,tile_r2_c3,31.91194204493741,13.024998650783528,80.1875000000077,0.4352619809109537,LC09_L2SP_142051_20220110_20230502_02_T1,19.39
tile_r2_c4_2022-03-31,2022-03-31,tile_r2_c4,42.84201325381425,13.024998650786957,80.21249999999371,0.3057308538202652,LC09_L2SP_142051_20220331_20230423_02_T1,0.06
tile_r2_c4_2022-10-25,2022-10-25,tile_r2_c4,38.87024691525208,13.024998650786957,80.21249999999371,0.3984528291436431,LC09_L2SP_142051_20221025_20230324_02_T1,0.23
tile_r2_c4_2022-05-26,2022-05-26,tile_r2_c4,45.140349773059405,13.024998650786957,80.21249999999371,0.3266598660441714,LC08_L2SP_142051_20220526_20220602_02_T1,0.69
tile_r2_c4_2022-09-23,2022-09-23,tile_r2_c4,45.75959888591298,13.024998650786957,80.21249999999371,0.3650098682789719,LC09_L2SP_142051_20220923_20230328_02_T1,1.2
tile_r2_c4_2022-06-03,2022-06-03,tile_r2_c4,52.63098599849696,13.024998650786957,80.21249999999371,0.3064907897954265,LC09_L2SP_142051_20220603_20230414_02_T1,1.24
tile_r2_c4_2022-08-22,2022-08-22,tile_r2_c4,44.73488870760775,13.024998650786957,80.21249999999371,0.3850880343421492,LC09_L2SP_142051_20220822_20230401_02_T1,4.36
tile_r2_c4_2022-02-03,2022-02-03,tile_r2_c4,32.78094654357081,13.024998650786957,80.21249999999371,0.3304980222304004,LC08_L2SP_142051_20220203_20220212_02_T1,16.48
tile_r2_c4_2022-12-28,2022-12-28,tile_r2_c4,33.59871139065029,13.024998650786957,80.21249999999371,0.4039515197718335,LC09_L2SP_142051_20221228_20230316_02_T1,18.06
tile_r2_c4_2022-05-02,2022-05-02,tile_r2_c4,34.6017419254178,13.024998650786957,80.21249999999371,0.3011901680141713,LC09_L2SP_142051_20220502_20230418_02_T1,19.23
tile_r2_c4_2022-01-10,2022-01-10,tile_r2_c4,32.71182400408102,13.024998650786957,80.21249999999371,0.3927969447473001,LC09_L2SP_142051_20220110_20230502_02_T1,19.39
tile_r2_c5_2022-03-31,2022-03-31,tile_r2_c5,40.9832753750846,13.024998650784251,80.23750000000825,0.3717387211399,LC09_L2SP_142051_20220331_20230423_02_T1,0.06
tile_r2_c5_2022-10-25,2022-10-25,tile_r2_c5,37.06732468192696,13.024998650784251,80.23750000000825,0.4866857096569054,LC09_L2SP_142051_20221025_20230324_02_T1,0.23
tile_r2_c5_2022-05-26,2022-05-26,tile_r2_c5,43.0355150563112,13.024998650784251,80.23750000000825,0.4053219228180409,LC08_L2SP_142051_20220526_20220602_02_T1,0.69
tile_r2_c5_2022-09-23,2022-09-23,tile_r2_c5,43.80267698970189,13.024998650784251,80.23750000000825,0.4589845553552171,LC09_L2SP_142051_20220923_20230328_02_T1,1.2
tile_r2_c5_2022-06-03,2022-06-03,tile_r2_c5,50.85957277360864,13.024998650784251,80.23750000000825,0.3815635199430188,LC09_L2SP_142051_20220603_20230414_02_T1,1.24
tile_r2_c5_2022-08-22,2022-08-22,tile_r2_c5,43.25680826088422,13.024998650784251,80.23750000000825,0.4715059794296776,LC09_L2SP_142051_20220822_20230401_02_T1,4.36
tile_r2_c5_2022-02-03,2022-02-03,tile_r2_c5,31.434428240936956,13.024998650784251,80.23750000000825,0.4343781717214316,LC08_L2SP_142051_20220203_20220212_02_T1,16.48
tile_r2_c5_2022-12-28,2022-12-28,tile_r2_c5,33.5135921140227,13.024998650784251,80.23750000000825,0.4696896339988787,LC09_L2SP_142051_20221228_20230316_02_T1,18.06
tile_r2_c5_2022-05-02,2022-05-02,tile_r2_c5,27.92356926285716,13.024998650784251,80.23750000000825,0.4772114324805298,LC09_L2SP_142051_20220502_20230418_02_T1,19.23
tile_r2_c5_2022-01-10,2022-01-10,tile_r2_c5,32.62547781531923,13.024998650784251,80.23750000000825,0.4767446714185194,LC09_L2SP_142051_20220110_20230502_02_T1,19.39
tile_r2_c6_2022-03-31,2022-03-31,tile_r2_c6,39.49974597280888,13.024998650782685,80.26250000001308,0.2913968226958266,LC09_L2SP_142051_20220331_20230423_02_T1,0.06
tile_r2_c6_2022-10-25,2022-10-25,tile_r2_c6,37.71034705506159,13.024998650782685,80.26250000001308,0.3841975235253098,LC09_L2SP_142051_20221025_20230324_02_T1,0.23
tile_r2_c6_2022-05-26,2022-05-26,tile_r2_c6,43.07673667753774,13.024998650782685,80.26250000001308,0.3230562727871904,LC08_L2SP_142051_20220526_20220602_02_T1,0.69
tile_r2_c6_2022-09-23,2022-09-23,tile_r2_c6,43.84042511804752,13.024998650782685,80.26250000001308,0.3711079282801662,LC09_L2SP_142051_20220923_20230328_02_T1,1.2
tile_r2_c6_2022-06-03,2022-06-03,tile_r2_c6,50.99320540149308,13.024998650782685,80.26250000001308,0.3078593289821224,LC09_L2SP_142051_20220603_20230414_02_T1,1.24
tile_r2_c6_2022-08-22,2022-08-22,tile_r2_c6,44.00742569365666,13.024998650782685,80.26250000001308,0.3833920037893767,LC09_L2SP_142051_20220822_20230401_02_T1,4.36
tile_r2_c6_2022-02-03,2022-02-03,tile_r2_c6,32.49877587081176,13.024998650782685,80.26250000001308,0.3600765350136751,LC08_L2SP_142051_20220203_20220212_02_T1,16.48
tile_r2_c6_2022-12-28,2022-12-28,tile_r2_c6,34.80171099510893,13.024998650782685,80.26250000001308,0.401786371306058,LC09_L2SP_142051_20221228_20230316_02_T1,18.06
tile_r2_c6_2022-01-10,2022-01-10,tile_r2_c6,33.8827810112372,13.024998650782685,80.26250000001308,0.3865533621322077,LC09_L2SP_142051_20220110_20230502_02_T1,19.39
tile_r2_c7_2022-03-31,2022-03-31,tile_r2_c7,31.409027015861497,13.024998650781862,80.28749999999286,0.0189510405062342,LC09_L2SP_142051_20220331_20230423_02_T1,0.06
tile_r2_c7_2022-10-25,2022-10-25,tile_r2_c7,32.4151600056342,13.024998650781862,80.28749999999286,-0.7768905427922301,LC09_L2SP_142051_20221025_20230324_02_T1,0.23
tile_r2_c7_2022-05-26,2022-05-26,tile_r2_c7,33.12999650698297,13.024998650781862,80.28749999999286,0.045814873293548,LC08_L2SP_142051_20220526_20220602_02_T1,0.69
tile_r2_c7_2022-09-23,2022-09-23,tile_r2_c7,34.13335625277427,13.024998650781862,80.28749999999286,0.0251879244854644,LC09_L2SP_142051_20220923_20230328_02_T1,1.2
tile_r2_c7_2022-06-03,2022-06-03,tile_r2_c7,38.46233860721823,13.024998650781862,80.28749999999286,0.0256913643335153,LC09_L2SP_142051_20220603_20230414_02_T1,1.24
tile_r2_c7_2022-08-22,2022-08-22,tile_r2_c7,37.07869253369902,13.024998650781862,80.28749999999286,-0.0385278555541865,LC09_L2SP_142051_20220822_20230401_02_T1,4.36
tile_r2_c7_2022-02-03,2022-02-03,tile_r2_c7,28.59445433591814,13.024998650781862,80.28749999999286,-0.4849580281152661,LC08_L2SP_142051_20220203_20220212_02_T1,16.48
tile_r2_c7_2022-12-28,2022-12-28,tile_r2_c7,31.149211722287188,13.024998650781862,80.28749999999286,-1.3217701032244185,LC09_L2SP_142051_20221228_20230316_02_T1,18.06
tile_r2_c7_2022-01-10,2022-01-10,tile_r2_c7,29.759121623167303,13.024998650781862,80.28749999999286,-1.279714656838259,LC09_L2SP_142051_20220110_20230502_02_T1,19.39
tile_r2_c8_2022-03-31,2022-03-31,tile_r2_c8,28.545270251123338,13.024998650780748,80.31249999999008,0.004867553051036,LC09_L2SP_142051_20220331_20230423_02_T1,0.06
tile_r2_c8_2022-10-25,2022-10-25,tile_r2_c8,30.020937192384228,13.024998650780748,80.31249999999008,-0.1597063940665711,LC09_L2SP_142051_20221025_20230324_02_T1,0.23
tile_r2_c8_2022-05-26,2022-05-26,tile_r2_c8,29.29674481665344,13.024998650780748,80.31249999999008,0.1375718065262546,LC08_L2SP_142051_20220526_20220602_02_T1,0.69
tile_r2_c8_2022-09-23,2022-09-23,tile_r2_c8,30.45367014538489,13.024998650780748,80.31249999999008,0.1491508800846793,LC09_L2SP_142051_20220923_20230328_02_T1,1.2
tile_r2_c8_2022-06-03,2022-06-03,tile_r2_c8,34.26934470210938,13.024998650780748,80.31249999999008,0.0070547821973089,LC09_L2SP_142051_20220603_20230414_02_T1,1.24
tile_r2_c8_2022-08-22,2022-08-22,tile_r2_c8,34.06484868590462,13.024998650780748,80.31249999999008,0.1482909174587198,LC09_L2SP_142051_20220822_20230401_02_T1,4.36
tile_r2_c8_2022-02-03,2022-02-03,tile_r2_c8,26.55596447865651,13.024998650780748,80.31249999999008,-0.6542540990224875,LC08_L2SP_142051_20220203_20220212_02_T1,16.48
tile_r2_c8_2022-12-28,2022-12-28,tile_r2_c8,29.34603041100829,13.024998650780748,80.31249999999008,-1.3297096726733348,LC09_L2SP_142051_20221228_20230316_02_T1,18.06
tile_r2_c8_2022-01-10,2022-01-10,tile_r2_c8,28.097830725187418,13.024998650780748,80.31249999999008,-0.2000410496538475,LC09_L2SP_142051_20220110_20230502_02_T1,19.39
tile_r2_c9_2022-03-31,2022-03-31,tile_r2_c9,28.385185105572504,13.024998650782626,80.33749999999898,-0.0522890592901485,LC09_L2SP_142051_20220331_20230423_02_T1,0.06
tile_r2_c9_2022-10-25,2022-10-25,tile_r2_c9,29.998824556060065,13.024998650782626,80.33749999999898,-0.6038298727723017,LC09_L2SP_142051_20221025_20230324_02_T1,0.23
tile_r2_c9_2022-05-26,2022-05-26,tile_r2_c9,28.842335009378036,13.024998650782626,80.33749999999898,0.1947799156758991,LC08_L2SP_142051_20220526_20220602_02_T1,0.69
tile_r2_c9_2022-09-23,2022-09-23,tile_r2_c9,30.298952340508706,13.024998650782626,80.33749999999898,0.3008182351055577,LC09_L2SP_142051_20220923_20230328_02_T1,1.2
tile_r2_c9_2022-06-03,2022-06-03,tile_r2_c9,34.34942665170273,13.024998650782626,80.33749999999898,-0.0125514720936805,LC09_L2SP_142051_20220603_20230414_02_T1,1.24
tile_r2_c9_2022-08-22,2022-08-22,tile_r2_c9,34.129118106398444,13.024998650782626,80.33749999999898,0.0570788283750918,LC09_L2SP_142051_20220822_20230401_02_T1,4.36
tile_r2_c9_2022-02-03,2022-02-03,tile_r2_c9,26.338747596082687,13.024998650782626,80.33749999999898,0.3219356074827991,LC08_L2SP_142051_20220203_20220212_02_T1,16.48
tile_r2_c9_2022-12-28,2022-12-28,tile_r2_c9,28.754871558985844,13.024998650782626,80.33749999999898,0.2408321598630203,LC09_L2SP_142051_20221228_20230316_02_T1,18.06
tile_r2_c9_2022-01-10,2022-01-10,tile_r2_c9,27.642814766770755,13.024998650782626,80.33749999999898,1.413877025649854,LC09_L2SP_142051_20220110_20230502_02_T1,19.39
tile_r3_c0_2022-03-31,2022-03-31,tile_r3_c0,41.04615585521496,13.094998643101697,80.1125000000088,0.3997597030323803,LC09_L2SP_142051_20220331_20230423_02_T1,0.06
tile_r3_c0_2022-10-25,2022-10-25,tile_r3_c0,37.09983206955791,13.094998643101697,80.1125000000088,0.5401472431130371,LC09_L2SP_142051_20221025_20230324_02_T1,0.23
tile_r3_c0_2022-05-26,2022-05-26,tile_r3_c0,40.77406750556936,13.094998643101697,80.1125000000088,0.4623172112230447,LC08_L2SP_142051_20220526_20220602_02_T1,0.69
tile_r3_c0_2022-09-23,2022-09-23,tile_r3_c0,43.52808745067309,13.094998643101697,80.1125000000088,0.5113414576735148,LC09_L2SP_142051_20220923_20230328_02_T1,1.2
tile_r3_c0_2022-06-03,2022-06-03,tile_r3_c0,51.85004014375608,13.094998643101697,80.1125000000088,0.4241633345715029,LC09_L2SP_142051_20220603_20230414_02_T1,1.24
tile_r3_c0_2022-08-22,2022-08-22,tile_r3_c0,43.34387743582075,13.094998643101697,80.1125000000088,0.5318673790284403,LC09_L2SP_142051_20220822_20230401_02_T1,4.36
tile_r3_c0_2022-02-03,2022-02-03,tile_r3_c0,31.174935794042742,13.094998643101697,80.1125000000088,0.4920143199016495,LC08_L2SP_142051_20220203_20220212_02_T1,16.48
tile_r3_c0_2022-12-28,2022-12-28,tile_r3_c0,33.57476236997556,13.094998643101697,80.1125000000088,0.501927902895336,LC09_L2SP_142051_20221228_20230316_02_T1,18.06
tile_r3_c0_2022-01-10,2022-01-10,tile_r3_c0,30.89641843199735,13.094998643101697,80.1125000000088,0.5035332446627817,LC09_L2SP_142051_20220110_20230502_02_T1,19.39
tile_r3_c1_2022-03-31,2022-03-31,tile_r3_c1,40.41321494688595,13.094998643101423,80.1374999999884,0.3453018171393949,LC09_L2SP_142051_20220331_20230423_02_T1,0.06
tile_r3_c1_2022-10-25,2022-10-25,tile_r3_c1,36.95000850676646,13.094998643101423,80.1374999999884,0.4657356436702836,LC09_L2SP_142051_20221025_20230324_02_T1,0.23
tile_r3_c1_2022-05-26,2022-05-26,tile_r3_c1,42.49900084781304,13.094998643101423,80.1374999999884,0.384221776899721,LC08_L2SP_142051_20220526_20220602_02_T1,0.69
tile_r3_c1_2022-09-23,2022-09-23,tile_r3_c1,42.92264513629661,13.094998643101423,80.1374999999884,0.4375821328358926,LC09_L2SP_142051_20220923_20230328_02_T1,1.2
tile_r3_c1_2022-06-03,2022-06-03,tile_r3_c1,51.63974888323475,13.094998643101423,80.1374999999884,0.3524727617414224,LC09_L2SP_142051_20220603_20230414_02_T1,1.24
tile_r3_c1_2022-08-22,2022-08-22,tile_r3_c1,43.32043448779261,13.094998643101423,80.1374999999884,0.4666765016190758,LC09_L2SP_142051_20220822_20230401_02_T1,4.36
tile_r3_c1_2022-02-03,2022-02-03,tile_r3_c1,30.70229321853815,13.094998643101423,80.1374999999884,0.350736867851356,LC08_L2SP_142051_20220203_20220212_02_T1,16.48
tile_r3_c1_2022-12-28,2022-12-28,tile_r3_c1,32.94063999709949,13.094998643101423,80.1374999999884,0.3927765174882043,LC09_L2SP_142051_20221228_20230316_02_T1,18.06
tile_r3_c1_2022-05-02,2022-05-02,tile_r3_c1,33.49036335161266,13.094998643101423,80.1374999999884,0.3199674499450938,LC09_L2SP_142051_20220502_20230418_02_T1,19.23
tile_r3_c1_2022-01-10,2022-01-10,tile_r3_c1,30.63850381068174,13.094998643101423,80.1374999999884,0.4528174344816384,LC09_L2SP_142051_20220110_20230502_02_T1,19.39
tile_r3_c2_2022-03-31,2022-03-31,tile_r3_c2,43.51111600914191,13.094998643102969,80.16249999999559,0.3069163657778656,LC09_L2SP_142051_20220331_20230423_02_T1,0.06
tile_r3_c2_2022-10-25,2022-10-25,tile_r3_c2,39.76695350815099,13.094998643102969,80.16249999999559,0.4059754489163535,LC09_L2SP_142051_20221025_20230324_02_T1,0.23
tile_r3_c2_2022-05-26,2022-05-26,tile_r3_c2,46.18670613826992,13.094998643102969,80.16249999999559,0.3240114246179694,LC08_L2SP_142051_20220526_20220602_02_T1,0.69
tile_r3_c2_2022-09-23,2022-09-23,tile_r3_c2,46.35373590939807,13.094998643102969,80.16249999999559,0.3764968748602283,LC09_L2SP_142051_20220923_20230328_02_T1,1.2
tile_r3_c2_2022-06-03,2022-06-03,tile_r3_c2,55.119079088867686,13.094998643102969,80.16249999999559,0.3006993916294798,LC09_L2SP_142051_20220603_20230414_02_T1,1.24
tile_r3_c2_2022-08-22,2022-08-22,tile_r3_c2,46.03047160810259,13.094998643102969,80.16249999999559,0.3969242193631596,LC09_L2SP_142051_20220822_20230401_02_T1,4.36
tile_r3_c2_2022-02-03,2022-02-03,tile_r3_c2,32.781219937302026,13.094998643102969,80.16249999999559,0.3470028633174584,LC08_L2SP_142051_20220203_20220212_02_T1,16.48
tile_r3_c2_2022-12-28,2022-12-28,tile_r3_c2,35.10752575103399,13.094998643102969,80.16249999999559,0.3885259622474225,LC09_L2SP_142051_20221228_20230316_02_T1,18.06
tile_r3_c2_2022-05-02,2022-05-02,tile_r3_c2,37.78126530912422,13.094998643102969,80.16249999999559,0.2859409822815676,LC09_L2SP_142051_20220502_20230418_02_T1,19.23
tile_r3_c2_2022-01-10,2022-01-10,tile_r3_c2,32.27488732931307,13.094998643102969,80.16249999999559,0.3823039573819291,LC09_L2SP_142051_20220110_20230502_02_T1,19.39
tile_r3_c3_2022-03-31,2022-03-31,tile_r3_c3,42.09497450524855,13.094998643103432,80.18750000000122,0.3013234912366884,LC09_L2SP_142051_20220331_20230423_02_T1,0.06
tile_r3_c3_2022-10-25,2022-10-25,tile_r3_c3,38.774669965294834,13.094998643103432,80.18750000000122,0.3932747518963749,LC09_L2SP_142051_20221025_20230324_02_T1,0.23
tile_r3_c3_2022-05-26,2022-05-26,tile_r3_c3,45.1751134444337,13.094998643103432,80.18750000000122,0.3120164809515848,LC08_L2SP_142051_20220526_20220602_02_T1,0.69
tile_r3_c3_2022-09-23,2022-09-23,tile_r3_c3,44.93428481261967,13.094998643103432,80.18750000000122,0.365576558427245,LC09_L2SP_142051_20220923_20230328_02_T1,1.2
tile_r3_c3_2022-06-03,2022-06-03,tile_r3_c3,53.519541254307725,13.094998643103432,80.18750000000122,0.2918540161319757,LC09_L2SP_142051_20220603_20230414_02_T1,1.24
tile_r3_c3_2022-08-22,2022-08-22,tile_r3_c3,45.587274638516334,13.094998643103432,80.18750000000122,0.3765421573374963,LC09_L2SP_142051_20220822_20230401_02_T1,4.36
tile_r3_c3_2022-02-03,2022-02-03,tile_r3_c3,31.10085765274687,13.094998643103432,80.18750000000122,0.358250531965708,LC08_L2SP_142051_20220203_20220212_02_T1,16.48
tile_r3_c3_2022-12-28,2022-12-28,tile_r3_c3,34.01270751137125,13.094998643103432,80.18750000000122,0.3650807313685132,LC09_L2SP_142051_20221228_20230316_02_T1,18.06
tile_r3_c3_2022-05-02,2022-05-02,tile_r3_c3,35.821259502505065,13.094998643103432,80.18750000000122,0.2615968191329809,LC09_L2SP_142051_20220502_20230418_02_T1,19.23
tile_r3_c3_2022-01-10,2022-01-10,tile_r3_c3,32.99358759630953,13.094998643103432,80.18750000000122,0.3581100266054749,LC09_L2SP_142051_20220110_20230502_02_T1,19.39
tile_r3_c4_2022-03-31,2022-03-31,tile_r3_c4,43.10619012450915,13.094998643102066,80.21249999999154,0.3041137019524755,LC09_L2SP_142051_20220331_20230423_02_T1,0.06
tile_r3_c4_2022-10-25,2022-10-25,tile_r3_c4,39.53687313180696,13.094998643102066,80.21249999999154,0.3785393235137477,LC09_L2SP_142051_20221025_20230324_02_T1,0.23
tile_r3_c4_2022-05-26,2022-05-26,tile_r3_c4,45.12341568864929,13.094998643102066,80.21249999999154,0.3207075216968669,LC08_L2SP_142051_20220526_20220602_02_T1,0.69
tile_r3_c4_2022-09-23,2022-09-23,tile_r3_c4,45.51356154763874,13.094998643102066,80.21249999999154,0.362005847425113,LC09_L2SP_142051_20220923_20230328_02_T1,1.2
tile_r3_c4_2022-06-03,2022-06-03,tile_r3_c4,53.197642344038414,13.094998643102066,80.21249999999154,0.3019188210412931,LC09_L2SP_142051_20220603_20230414_02_T1,1.24
tile_r3_c4_2022-08-22,2022-08-22,tile_r3_c4,46.33902098763715,13.094998643102066,80.21249999999154,0.3693188006602036,LC09_L2SP_142051_20220822_20230401_02_T1,4.36
tile_r3_c4_2022-02-03,2022-02-03,tile_r3_c4,32.189931951587816,13.094998643102066,80.21249999999154,0.3227485394803541,LC08_L2SP_142051_20220203_20220212_02_T1,16.48
tile_r3_c4_2022-12-28,2022-12-28,tile_r3_c4,35.28171923588151,13.094998643102066,80.21249999999154,0.3689326838739291,LC09_L2SP_142051_20221228_20230316_02_T1,18.06
tile_r3_c4_2022-05-02,2022-05-02,tile_r3_c4,31.195681270972013,13.094998643102066,80.21249999999154,0.3860698773263898,LC09_L2SP_142051_20220502_20230418_02_T1,19.23
tile_r3_c4_2022-01-10,2022-01-10,tile_r3_c4,32.78841118139932,13.094998643102066,80.21249999999154,0.3962601708853087,LC09_L2SP_142051_20220110_20230502_02_T1,19.39
tile_r3_c5_2022-03-31,2022-03-31,tile_r3_c5,43.020915229902606,13.094998643102665,80.23750000000423,0.321962858055166,LC09_L2SP_142051_20220331_20230423_02_T1,0.06
tile_r3_c5_2022-10-25,2022-10-25,tile_r3_c5,39.05580039643122,13.094998643102665,80.23750000000423,0.4104344146138177,LC09_L2SP_142051_20221025_20230324_02_T1,0.23
tile_r3_c5_2022-05-26,2022-05-26,tile_r3_c5,44.40101630012869,13.094998643102665,80.23750000000423,0.341878780087842,LC08_L2SP_142051_20220526_20220602_02_T1,0.69
tile_r3_c5_2022-09-23,2022-09-23,tile_r3_c5,45.1339551143698,13.094998643102665,80.23750000000423,0.3977803811408618,LC09_L2SP_142051_20220923_20230328_02_T1,1.2
tile_r3_c5_2022-06-03,2022-06-03,tile_r3_c5,52.52125927385297,13.094998643102665,80.23750000000423,0.3196339739136526,LC09_L2SP_142051_20220603_20230414_02_T1,1.24
tile_r3_c5_2022-08-22,2022-08-22,tile_r3_c5,45.901057240252335,13.094998643102665,80.23750000000423,0.401103121274238,LC09_L2SP_142051_20220822_20230401_02_T1,4.36
tile_r3_c5_2022-02-03,2022-02-03,tile_r3_c5,32.8438278373388,13.094998643102665,80.23750000000423,0.3597581836331627,LC08_L2SP_142051_20220203_20220212_02_T1,16.48
tile_r3_c5_2022-12-28,2022-12-28,tile_r3_c5,35.28509524737494,13.094998643102665,80.23750000000423,0.4136096107714527,LC09_L2SP_142051_20221228_20230316_02_T1,18.06
tile_r3_c5_2022-01-10,2022-01-10,tile_r3_c5,32.613600129164794,13.094998643102665,80.23750000000423,0.4074554671037266,LC09_L2SP_142051_20220110_20230502_02_T1,19.39
tile_r3_c6_2022-03-31,2022-03-31,tile_r3_c6,42.67534994809185,13.09499864310095,80.2625000000074,0.2799557209696439,LC09_L2SP_142051_20220331_20230423_02_T1,0.06
tile_r3_c6_2022-10-25,2022-10-25,tile_r3_c6,39.895929457873166,13.09499864310095,80.2625000000074,0.3638196598724607,LC09_L2SP_142051_20221025_20230324_02_T1,0.23
tile_r3_c6_2022-05-26,2022-05-26,tile_r3_c6,44.94785815293464,13.09499864310095,80.2625000000074,0.2951392366620832,LC08_L2SP_142051_20220526_20220602_02_T1,0.69
tile_r3_c6_2022-09-23,2022-09-23,tile_r3_c6,45.99351815625382,13.09499864310095,80.2625000000074,0.3484332450672933,LC09_L2SP_142051_20220923_20230328_02_T1,1.2
tile_r3_c6_2022-06-03,2022-06-03,tile_r3_c6,53.68647265225891,13.09499864310095,80.2625000000074,0.2767303893165851,LC09_L2SP_142051_20220603_20230414_02_T1,1.24
tile_r3_c6_2022-08-22,2022-08-22,tile_r3_c6,46.14411529743436,13.09499864310095,80.2625000000074,0.355639080953649,LC09_L2SP_142051_20220822_20230401_02_T1,4.36
tile_r3_c6_2022-02-03,2022-02-03,tile_r3_c6,33.92767953700871,13.09499864310095,80.2625000000074,0.325164204271084,LC08_L2SP_142051_20220203_20220212_02_T1,16.48
tile_r3_c6_2022-12-28,2022-12-28,tile_r3_c6,36.5485967128397,13.09499864310095,80.2625000000074,0.3741274792397745,LC09_L2SP_142051_20221228_20230316_02_T1,18.06
tile_r3_c6_2022-01-10,2022-01-10,tile_r3_c6,34.2173139175474,13.09499864310095,80.2625000000074,0.3683586662523186,LC09_L2SP_142051_20220110_20230502_02_T1,19.39
tile_r3_c7_2022-03-31,2022-03-31,tile_r3_c7,40.15165358482379,13.094998643102198,80.28749999999978,0.2002553928237905,LC09_L2SP_142051_20220331_20230423_02_T1,0.06
tile_r3_c7_2022-10-25,2022-10-25,tile_r3_c7,39.07949868428828,13.094998643102198,80.28749999999978,0.1963623567603044,LC09_L2SP_142051_20221025_20230324_02_T1,0.23
tile_r3_c7_2022-05-26,2022-05-26,tile_r3_c7,43.21181235958392,13.094998643102198,80.28749999999978,0.2182150031790826,LC08_L2SP_142051_20220526_20220602_02_T1,0.69
tile_r3_c7_2022-09-23,2022-09-23,tile_r3_c7,44.74591878660185,13.094998643102198,80.28749999999978,0.2555568518054926,LC09_L2SP_142051_20220923_20230328_02_T1,1.2
tile_r3_c7_2022-06-03,2022-06-03,tile_r3_c7,51.638841094407766,13.094998643102198,80.28749999999978,0.2108416002317566,LC09_L2SP_142051_20220603_20230414_02_T1,1.24
tile_r3_c7_2022-08-22,2022-08-22,tile_r3_c7,45.27294475691799,13.094998643102198,80.28749999999978,0.2501433353312821,LC09_L2SP_142051_20220822_20230401_02_T1,4.36
tile_r3_c7_2022-02-03,2022-02-03,tile_r3_c7,33.376509164688585,13.094998643102198,80.28749999999978,0.2229417069682521,LC08_L2SP_142051_20220203_20220212_02_T1,16.48
tile_r3_c7_2022-12-28,2022-12-28,tile_r3_c7,36.129840187608025,13.094998643102198,80.28749999999978,0.1051644123701082,LC09_L2SP_142051_20221228_20230316_02_T1,18.06
tile_r3_c7_2022-01-10,2022-01-10,tile_r3_c7,34.69054602142389,13.094998643102198,80.28749999999978,0.2046405543503228,LC09_L2SP_142051_20220110_20230502_02_T1,19.39
tile_r3_c8_2022-03-31,2022-03-31,tile_r3_c8,29.4204782295162,13.094998643104033,80.31249999998528,-0.0412295121474361,LC09_L2SP_142051_20220331_20230423_02_T1,0.06
tile_r3_c8_2022-10-25,2022-10-25,tile_r3_c8,30.58764420261598,13.094998643104033,80.31249999998528,-0.1530689877863792,LC09_L2SP_142051_20221025_20230324_02_T1,0.23
tile_r3_c8_2022-05-26,2022-05-26,tile_r3_c8,29.668825022306724,13.094998643104033,80.31249999998528,0.0195627620136814,LC08_L2SP_142051_20220526_20220602_02_T1,0.69
tile_r3_c8_2022-09-23,2022-09-23,tile_r3_c8,31.00558802882916,13.094998643104033,80.31249999998528,0.0073062176399008,LC09_L2SP_142051_20220923_20230328_02_T1,1.2
tile_r3_c8_2022-06-03,2022-06-03,tile_r3_c8,35.54594197439504,13.094998643104033,80.31249999998528,-0.0003912721753168275,LC09_L2SP_142051_20220603_20230414_02_T1,1.24
tile_r3_c8_2022-08-22,2022-08-22,tile_r3_c8,35.04256006505538,13.094998643104033,80.31249999998528,0.1498494256189953,LC09_L2SP_142051_20220822_20230401_02_T1,4.36
tile_r3_c8_2022-02-03,2022-02-03,tile_r3_c8,26.940454560536857,13.094998643104033,80.31249999998528,-0.6367097719664263,LC08_L2SP_142051_20220203_20220212_02_T1,16.48
tile_r3_c8_2022-12-28,2022-12-28,tile_r3_c8,29.84531932288712,13.094998643104033,80.31249999998528,-1.6104103904103146,LC09_L2SP_142051_20221228_20230316_02_T1,18.06
tile_r3_c8_2022-05-02,2022-05-02,tile_r3_c8,16.605772610000002,13.094998643104033,80.31249999998528,0.0567825696944872,LC09_L2SP_142051_20220502_20230418_02_T1,19.23
tile_r3_c8_2022-01-10,2022-01-10,tile_r3_c8,27.916242652895438,13.094998643104033,80.31249999998528,-0.6808156924464459,LC09_L2SP_142051_20220110_20230502_02_T1,19.39
tile_r3_c9_2022-03-31,2022-03-31,tile_r3_c9,28.586962104050865,13.094998643103628,80.33750000000812,-0.0749994589755698,LC09_L2SP_142051_20220331_20230423_02_T1,0.06
tile_r3_c9_2022-10-25,2022-10-25,tile_r3_c9,30.04411194481002,13.094998643103628,80.33750000000812,-0.2436037037750585,LC09_L2SP_142051_20221025_20230324_02_T1,0.23
tile_r3_c9_2022-05-26,2022-05-26,tile_r3_c9,28.90715588944388,13.094998643103628,80.33750000000812,0.0869055090506184,LC08_L2SP_142051_20220526_20220602_02_T1,0.69
tile_r3_c9_2022-09-23,2022-09-23,tile_r3_c9,29.9885936913584,13.094998643103628,80.33750000000812,0.3267400301233334,LC09_L2SP_142051_20220923_20230328_02_T1,1.2
tile_r3_c9_2022-06-03,2022-06-03,tile_r3_c9,34.80388253046134,13.094998643103628,80.33750000000812,-0.0416560673784607,LC09_L2SP_142051_20220603_20230414_02_T1,1.24
tile_r3_c9_2022-08-22,2022-08-22,tile_r3_c9,34.296110920321375,13.094998643103628,80.33750000000812,0.1232136443807431,LC09_L2SP_142051_20220822_20230401_02_T1,4.36
tile_r3_c9_2022-02-03,2022-02-03,tile_r3_c9,26.06527552566008,13.094998643103628,80.33750000000812,-0.363179600003028,LC08_L2SP_142051_20220203_20220212_02_T1,16.48
tile_r3_c9_2022-12-28,2022-12-28,tile_r3_c9,29.095982804784636,13.094998643103628,80.33750000000812,-1.7057784563863825,LC09_L2SP_142051_20221228_20230316_02_T1,18.06
tile_r3_c9_2022-01-10,2022-01-10,tile_r3_c9,27.45910309050745,13.094998643103628,80.33750000000812,1.612152038276648,LC09_L2SP_142051_20220110_20230502_02_T1,19.39
tile_r4_c0_2022-03-31,2022-03-31,tile_r4_c0,41.4233133343143,13.164998635419565,80.11250000000649,0.4116302617262646,LC09_L2SP_142051_20220331_20230423_02_T1,0.06
tile_r4_c0_2022-10-25,2022-10-25,tile_r4_c0,36.62971928004626,13.164998635419565,80.11250000000649,0.6176730899544938,LC09_L2SP_142051_20221025_20230324_02_T1,0.23
tile_r4_c0_2022-05-26,2022-05-26,tile_r4_c0,43.019797738283344,13.164998635419565,80.11250000000649,0.4574369602828943,LC08_L2SP_142051_20220526_20220602_02_T1,0.69
tile_r4_c0_2022-09-23,2022-09-23,tile_r4_c0,40.1495705058979,13.164998635419565,80.11250000000649,0.5918485648590769,LC09_L2SP_142051_20220923_20230328_02_T1,1.2
tile_r4_c0_2022-06-03,2022-06-03,tile_r4_c0,53.92229217398714,13.164998635419565,80.11250000000649,0.4035280366739145,LC09_L2SP_142051_20220603_20230414_02_T1,1.24
tile_r4_c0_2022-08-22,2022-08-22,tile_r4_c0,43.899739977316905,13.164998635419565,80.11250000000649,0.5875400642906278,LC09_L2SP_142051_20220822_20230401_02_T1,4.36
tile_r4_c0_2022-02-03,2022-02-03,tile_r4_c0,31.418220212099563,13.164998635419565,80.11250000000649,0.5029728364094695,LC08_L2SP_142051_20220203_20220212_02_T1,16.48
tile_r4_c0_2022-12-28,2022-12-28,tile_r4_c0,33.31864593098919,13.164998635419565,80.11250000000649,0.5550417990345712,LC09_L2SP_142051_20221228_20230316_02_T1,18.06
tile_r4_c0_2022-01-10,2022-01-10,tile_r4_c0,30.64273662946174,13.164998635419565,80.11250000000649,0.522183699109454,LC09_L2SP_142051_20220110_20230502_02_T1,19.39
tile_r4_c1_2022-03-31,2022-03-31,tile_r4_c1,41.682030788683264,13.164998635420751,80.1374999999934,0.3406556422678711,LC09_L2SP_142051_20220331_20230423_02_T1,0.06
tile_r4_c1_2022-10-25,2022-10-25,tile_r4_c1,36.99733832215631,13.164998635420751,80.1374999999934,0.5045869571334165,LC09_L2SP_142051_20221025_20230324_02_T1,0.23
tile_r4_c1_2022-05-26,2022-05-26,tile_r4_c1,43.83556612286667,13.164998635420751,80.1374999999934,0.3837552396355379,LC08_L2SP_142051_20220526_20220602_02_T1,0.69
tile_r4_c1_2022-09-23,2022-09-23,tile_r4_c1,39.33895537948548,13.164998635420751,80.1374999999934,0.5227337173559303,LC09_L2SP_142051_20220923_20230328_02_T1,1.2
tile_r4_c1_2022-06-03,2022-06-03,tile_r4_c1,53.03247318408851,13.164998635420751,80.1374999999934,0.3453466759989743,LC09_L2SP_142051_20220603_20230414_02_T1,1.24
tile_r4_c1_2022-08-22,2022-08-22,tile_r4_c1,45.18483967112313,13.164998635420751,80.1374999999934,0.4847878736842334,LC09_L2SP_142051_20220822_20230401_02_T1,4.36
tile_r4_c1_2022-02-03,2022-02-03,tile_r4_c1,31.24819247274869,13.164998635420751,80.1374999999934,0.4608714102534018,LC08_L2SP_142051_20220203_20220212_02_T1,16.48
tile_r4_c1_2022-12-28,2022-12-28,tile_r4_c1,33.2059120153495,13.164998635420751,80.1374999999934,0.4826915613193016,LC09_L2SP_142051_20221228_20230316_02_T1,18.06
tile_r4_c1_2022-01-10,2022-01-10,tile_r4_c1,31.331108197517533,13.164998635420751,80.1374999999934,0.4460536883896875,LC09_L2SP_142051_20220110_20230502_02_T1,19.39
tile_r4_c2_2022-03-31,2022-03-31,tile_r4_c2,37.12126177923504,13.164998635420227,80.16249999999422,0.1967262102327659,LC09_L2SP_142051_20220331_20230423_02_T1,0.06
tile_r4_c2_2022-10-25,2022-10-25,tile_r4_c2,34.88770845389671,13.164998635420227,80.16249999999422,0.1588589385609544,LC09_L2SP_142051_20221025_20230324_02_T1,0.23
tile_r4_c2_2022-05-26,2022-05-26,tile_r4_c2,38.95877270255405,13.164998635420227,80.16249999999422,0.255608753968168,LC08_L2SP_142051_20220526_20220602_02_T1,0.69
tile_r4_c2_2022-09-23,2022-09-23,tile_r4_c2,38.31929991050201,13.164998635420227,80.16249999999422,0.3892904042259056,LC09_L2SP_142051_20220923_20230328_02_T1,1.2
tile_r4_c2_2022-06-03,2022-06-03,tile_r4_c2,46.522982517423024,13.164998635420227,80.16249999999422,0.2350318919853809,LC09_L2SP_142051_20220603_20230414_02_T1,1.24
tile_r4_c2_2022-08-22,2022-08-22,tile_r4_c2,42.08982081827934,13.164998635420227,80.16249999999422,0.2665020489759441,LC09_L2SP_142051_20220822_20230401_02_T1,4.36
tile_r4_c2_2022-02-03,2022-02-03,tile_r4_c2,29.832303416791643,13.164998635420227,80.16249999999422,0.2094087104864663,LC08_L2SP_142051_20220203_20220212_02_T1,16.48
tile_r4_c2_2022-12-28,2022-12-28,tile_r4_c2,31.754378094428795,13.164998635420227,80.16249999999422,0.2490068770959279,LC09_L2SP_142051_20221228_20230316_02_T1,18.06
tile_r4_c2_2022-01-10,2022-01-10,tile_r4_c2,29.64365199597838,13.164998635420227,80.16249999999422,0.2330667421054583,LC09_L2SP_142051_20220110_20230502_02_T1,19.39
tile_r4_c3_2022-03-31,2022-03-31,tile_r4_c3,38.44178527871064,13.164998635419106,80.18750000000064,0.2063553726181842,LC09_L2SP_142051_20220331_20230423_02_T1,0.06
tile_r4_c3_2022-10-25,2022-10-25,tile_r4_c3,35.77671452425937,13.164998635419106,80.18750000000064,0.1542720846925278,LC09_L2SP_142051_20221025_20230324_02_T1,0.23
tile_r4_c3_2022-05-26,2022-05-26,tile_r4_c3,40.30474869069295,13.164998635419106,80.18750000000064,0.2394180770409522,LC08_L2SP_142051_20220526_20220602_02_T1,0.69
tile_r4_c3_2022-09-23,2022-09-23,tile_r4_c3,38.71893609780727,13.164998635419106,80.18750000000064,0.3291637546826806,LC09_L2SP_142051_20220923_20230328_02_T1,1.2
tile_r4_c3_2022-06-03,2022-06-03,tile_r4_c3,48.26790972767965,13.164998635419106,80.18750000000064,0.2252273654904334,LC09_L2SP_142051_20220603_20230414_02_T1,1.24
tile_r4_c3_2022-08-22,2022-08-22,tile_r4_c3,42.94043045746184,13.164998635419106,80.18750000000064,0.263755335061601,LC09_L2SP_142051_20220822_20230401_02_T1,4.36
tile_r4_c3_2022-02-03,2022-02-03,tile_r4_c3,27.950282121231957,13.164998635419106,80.18750000000064,-0.0194993026287132,LC08_L2SP_142051_20220203_20220212_02_T1,16.48
tile_r4_c3_2022-12-28,2022-12-28,tile_r4_c3,32.03670416058911,13.164998635419106,80.18750000000064,0.0416242845412403,LC09_L2SP_142051_20221228_20230316_02_T1,18.06
tile_r4_c3_2022-01-10,2022-01-10,tile_r4_c3,29.583089282649148,13.164998635419106,80.18750000000064,0.2103109344957604,LC09_L2SP_142051_20220110_20230502_02_T1,19.39
tile_r4_c4_2022-03-31,2022-03-31,tile_r4_c4,43.00349012415615,13.164998635417284,80.21249999999748,0.3427065748011141,LC09_L2SP_142051_20220331_20230423_02_T1,0.06
tile_r4_c4_2022-10-25,2022-10-25,tile_r4_c4,38.35845911726092,13.164998635417284,80.21249999999748,0.4657119326072635,LC09_L2SP_142051_20221025_20230324_02_T1,0.23
tile_r4_c4_2022-05-26,2022-05-26,tile_r4_c4,46.04646291000656,13.164998635417284,80.21249999999748,0.3432085111805965,LC08_L2SP_142051_20220526_20220602_02_T1,0.69
tile_r4_c4_2022-09-23,2022-09-23,tile_r4_c4,42.72053449364624,13.164998635417284,80.21249999999748,0.4538257389190665,LC09_L2SP_142051_20220923_20230328_02_T1,1.2
tile_r4_c4_2022-06-03,2022-06-03,tile_r4_c4,55.35907645925538,13.164998635417284,80.21249999999748,0.3154091875223031,LC09_L2SP_142051_20220603_20230414_02_T1,1.24
tile_r4_c4_2022-08-22,2022-08-22,tile_r4_c4,45.912951223591904,13.164998635417284,80.21249999999748,0.4559920469827703,LC09_L2SP_142051_20220822_20230401_02_T1,4.36
tile_r4_c4_2022-02-03,2022-02-03,tile_r4_c4,31.63840005189905,13.164998635417284,80.21249999999748,0.3419550746763055,LC08_L2SP_142051_20220203_20220212_02_T1,16.48
tile_r4_c4_2022-12-28,2022-12-28,tile_r4_c4,35.15830328698026,13.164998635417284,80.21249999999748,0.4505478195165873,LC09_L2SP_142051_20221228_20230316_02_T1,18.06
tile_r4_c4_2022-01-10,2022-01-10,tile_r4_c4,31.257645306730485,13.164998635417284,80.21249999999748,0.518212792349303,LC09_L2SP_142051_20220110_20230502_02_T1,19.39
tile_r4_c5_2022-03-31,2022-03-31,tile_r4_c5,43.09306598022077,13.164998635419424,80.23750000000636,0.3789238019113084,LC09_L2SP_142051_20220331_20230423_02_T1,0.06
tile_r4_c5_2022-10-25,2022-10-25,tile_r4_c5,38.10919241049072,13.164998635419424,80.23750000000636,0.5158608192521037,LC09_L2SP_142051_20221025_20230324_02_T1,0.23
tile_r4_c5_2022-05-26,2022-05-26,tile_r4_c5,44.71795334271405,13.164998635419424,80.23750000000636,0.3723928453510108,LC08_L2SP_142051_20220526_20220602_02_T1,0.69
tile_r4_c5_2022-09-23,2022-09-23,tile_r4_c5,43.5816019511482,13.164998635419424,80.23750000000636,0.4917557611850771,LC09_L2SP_142051_20220923_20230328_02_T1,1.2
tile_r4_c5_2022-06-03,2022-06-03,tile_r4_c5,54.461476788678034,13.164998635419424,80.23750000000636,0.3526597088313897,LC09_L2SP_142051_20220603_20230414_02_T1,1.24
tile_r4_c5_2022-08-22,2022-08-22,tile_r4_c5,46.05955444226658,13.164998635419424,80.23750000000636,0.4790535228446167,LC09_L2SP_142051_20220822_20230401_02_T1,4.36
tile_r4_c5_2022-02-03,2022-02-03,tile_r4_c5,30.73476881138749,13.164998635419424,80.23750000000636,0.4878350870396561,LC08_L2SP_142051_20220203_20220212_02_T1,16.48
tile_r4_c5_2022-12-28,2022-12-28,tile_r4_c5,34.66278892032478,13.164998635419424,80.23750000000636,0.4957134946043701,LC09_L2SP_142051_20221228_20230316_02_T1,18.06
tile_r4_c5_2022-01-10,2022-01-10,tile_r4_c5,32.15967962259746,13.164998635419424,80.23750000000636,0.457368310083028,LC09_L2SP_142051_20220110_20230502_02_T1,19.39
tile_r4_c6_2022-03-31,2022-03-31,tile_r4_c6,42.24506836470227,13.164998635419831,80.26250000000141,0.3527095119225649,LC09_L2SP_142051_20220331_20230423_02_T1,0.06
tile_r4_c6_2022-10-25,2022-10-25,tile_r4_c6,38.15204229416727,13.164998635419831,80.26250000000141,0.4781963503097691,LC09_L2SP_142051_20221025_20230324_02_T1,0.23
tile_r4_c6_2022-05-26,2022-05-26,tile_r4_c6,43.916887732981735,13.164998635419831,80.26250000000141,0.3512209497222342,LC08_L2SP_142051_20220526_20220602_02_T1,0.69
tile_r4_c6_2022-09-23,2022-09-23,tile_r4_c6,44.08312659984754,13.164998635419831,80.26250000000141,0.4489898819172837,LC09_L2SP_142051_20220923_20230328_02_T1,1.2
tile_r4_c6_2022-06-03,2022-06-03,tile_r4_c6,53.2679305879551,13.164998635419831,80.26250000000141,0.3271255990891072,LC09_L2SP_142051_20220603_20230414_02_T1,1.24
tile_r4_c6_2022-08-22,2022-08-22,tile_r4_c6,45.74459709049323,13.164998635419831,80.26250000000141,0.4397898052346192,LC09_L2SP_142051_20220822_20230401_02_T1,4.36
tile_r4_c6_2022-02-03,2022-02-03,tile_r4_c6,31.90888073143672,13.164998635419831,80.26250000000141,0.4298923861722675,LC08_L2SP_142051_20220203_20220212_02_T1,16.48
tile_r4_c6_2022-12-28,2022-12-28,tile_r4_c6,36.21202400392655,13.164998635419831,80.26250000000141,0.4797570967672942,LC09_L2SP_142051_20221228_20230316_02_T1,18.06
tile_r4_c6_2022-01-10,2022-01-10,tile_r4_c6,33.35179728262118,13.164998635419831,80.26250000000141,0.4601212610155875,LC09_L2SP_142051_20220110_20230502_02_T1,19.39
tile_r4_c7_2022-03-31,2022-03-31,tile_r4_c7,41.98418447857771,13.164998635417447,80.28750000000242,0.2927671566233003,LC09_L2SP_142051_20220331_20230423_02_T1,0.06
tile_r4_c7_2022-10-25,2022-10-25,tile_r4_c7,38.78371995422887,13.164998635417447,80.28750000000242,0.4267372030066132,LC09_L2SP_142051_20221025_20230324_02_T1,0.23
tile_r4_c7_2022-05-26,2022-05-26,tile_r4_c7,44.22397806970097,13.164998635417447,80.28750000000242,0.2963175020079774,LC08_L2SP_142051_20220526_20220602_02_T1,0.69
tile_r4_c7_2022-09-23,2022-09-23,tile_r4_c7,45.13502197459108,13.164998635417447,80.28750000000242,0.3768596671735196,LC09_L2SP_142051_20220923_20230328_02_T1,1.2
tile_r4_c7_2022-06-03,2022-06-03,tile_r4_c7,54.34230666345587,13.164998635417447,80.28750000000242,0.2774819514290258,LC09_L2SP_142051_20220603_20230414_02_T1,1.24
tile_r4_c7_2022-08-22,2022-08-22,tile_r4_c7,47.01078603808619,13.164998635417447,80.28750000000242,0.3885545517765899,LC09_L2SP_142051_20220822_20230401_02_T1,4.36
tile_r4_c7_2022-02-03,2022-02-03,tile_r4_c7,33.143948282644075,13.164998635417447,80.28750000000242,0.3744766588693775,LC08_L2SP_142051_20220203_20220212_02_T1,16.48
tile_r4_c7_2022-12-28,2022-12-28,tile_r4_c7,37.27240665512619,13.164998635417447,80.28750000000242,0.4178383854359503,LC09_L2SP_142051_20221228_20230316_02_T1,18.06
tile_r4_c7_2022-01-10,2022-01-10,tile_r4_c7,34.86244360469313,13.164998635417447,80.28750000000242,0.3992604151845469,LC09_L2SP_142051_20220110_20230502_02_T1,19.39
tile_r4_c8_2022-03-31,2022-03-31,tile_r4_c8,34.04545674937828,13.164998635417945,80.31249999998953,0.054701168795676,LC09_L2SP_142051_20220331_20230423_02_T1,0.06
tile_r4_c8_2022-10-25,2022-10-25,tile_r4_c8,33.86954607583613,13.164998635417945,80.31249999998953,-0.5012843537102346,LC09_L2SP_142051_20221025_20230324_02_T1,0.23
tile_r4_c8_2022-05-26,2022-05-26,tile_r4_c8,35.15235902538727,13.164998635417945,80.31249999998953,0.1203643520048035,LC08_L2SP_142051_20220526_20220602_02_T1,0.69
tile_r4_c8_2022-09-23,2022-09-23,tile_r4_c8,36.88163695156722,13.164998635417945,80.31249999998953,0.2368764767564286,LC09_L2SP_142051_20220923_20230328_02_T1,1.2
tile_r4_c8_2022-06-03,2022-06-03,tile_r4_c8,42.93779452417075,13.164998635417945,80.31249999998953,0.0783797248433529,LC09_L2SP_142051_20220603_20230414_02_T1,1.24
tile_r4_c8_2022-08-22,2022-08-22,tile_r4_c8,39.88047813287008,13.164998635417945,80.31249999998953,0.1060718080324048,LC09_L2SP_142051_20220822_20230401_02_T1,4.36
tile_r4_c8_2022-02-03,2022-02-03,tile_r4_c8,29.737625388609903,13.164998635417945,80.31249999998953,-0.0324498024525188,LC08_L2SP_142051_20220203_20220212_02_T1,16.48
tile_r4_c8_2022-12-28,2022-12-28,tile_r4_c8,32.76512317067245,13.164998635417945,80.31249999998953,-0.7083373308317163,LC09_L2SP_142051_20221228_20230316_02_T1,18.06
tile_r4_c8_2022-01-10,2022-01-10,tile_r4_c8,30.8251286168728,13.164998635417945,80.31249999998953,-0.5487694583994546,LC09_L2SP_142051_20220110_20230502_02_T1,19.39
tile_r4_c9_2022-03-31,2022-03-31,tile_r4_c9,28.76907553830558,13.164998635419028,80.33750000000587,-0.0787700128970925,LC09_L2SP_142051_20220331_20230423_02_T1,0.06
tile_r4_c9_2022-10-25,2022-10-25,tile_r4_c9,29.86604804733096,13.164998635419028,80.33750000000587,-0.7617633684748739,LC09_L2SP_142051_20221025_20230324_02_T1,0.23
tile_r4_c9_2022-05-26,2022-05-26,tile_r4_c9,28.827733683681178,13.164998635419028,80.33750000000587,0.1268866656331908,LC08_L2SP_142051_20220526_20220602_02_T1,0.69
tile_r4_c9_2022-09-23,2022-09-23,tile_r4_c9,30.217045766779307,13.164998635419028,80.33750000000587,0.1772807821830957,LC09_L2SP_142051_20220923_20230328_02_T1,1.2
tile_r4_c9_2022-06-03,2022-06-03,tile_r4_c9,34.7477598159094,13.164998635419028,80.33750000000587,-0.0416990773702253,LC09_L2SP_142051_20220603_20230414_02_T1,1.24
tile_r4_c9_2022-08-22,2022-08-22,tile_r4_c9,34.435944333004514,13.164998635419028,80.33750000000587,-0.1882394871253178,LC09_L2SP_142051_20220822_20230401_02_T1,4.36
tile_r4_c9_2022-02-03,2022-02-03,tile_r4_c9,26.526068456718143,13.164998635419028,80.33750000000587,-0.3775458173687062,LC08_L2SP_142051_20220203_20220212_02_T1,16.48
tile_r4_c9_2022-12-28,2022-12-28,tile_r4_c9,29.189113398539455,13.164998635419028,80.33750000000587,-1.2510978678699272,LC09_L2SP_142051_20221228_20230316_02_T1,18.06
tile_r4_c9_2022-01-10,2022-01-10,tile_r4_c9,27.47065898643312,13.164998635419028,80.33750000000587,0.9524912014547688,LC09_L2SP_142051_20220110_20230502_02_T1,19.39
